object,mode,R_km,f_Hz,vx_kms,cv_observed,assigned_anchor,anchor_cv,distance_pct,tight_hit_2pct
Sun photosphere boundary,Predict: R+vx->f,696340.0,0.0685203,299792.0,1.0000015277258898,1 (φ⁰),1.0,0.0001527725889793885,YES
Sun radiative zone boundary,Predict: R+vx->f,490000.0,0.0973744,299792.0,1.0000015277258898,1 (φ⁰),1.0,0.0001527725889793885,YES
Sun convective zone outer,Predict: R+vx->f,696340.0,0.0685203,299792.0,1.0000015277258898,1 (φ⁰),1.0,0.0001527725889793885,YES
Solar wind termination shock,Predict: R+vx->f,14000000000.0,3.4081e-06,299792.0,1.0000015277258898,1 (φ⁰),1.0,0.0001527725889793885,YES
Heliopause boundary,Predict: R+vx->f,18000000000.0,2.65075e-06,299792.0,1.0000015277258898,1 (φ⁰),1.0,0.0001527725889793885,YES
Oort Cloud outer,Predict: R+vx->f,15000000000000.0,3.1809e-09,299792.0,1.0000015277258898,1 (φ⁰),1.0,0.0001527725889793885,YES
Sirius A,Predict: R+vx->f,1711000.0,0.0278863,299792.0,1.0000015277258898,1 (φ⁰),1.0,0.0001527725889793885,YES
Sirius B,Predict: R+vx->f,5840.0,8.17011,299792.0,1.0000015277258898,1 (φ⁰),1.0,0.0001527725889793885,YES
Betelgeuse,Predict: R+vx->f,764000000.0,6.24522e-05,299792.0,1.0000015277258898,1 (φ⁰),1.0,0.0001527725889793885,YES
Crab Pulsar - canonical,Map:     f+R->vx,10.0,29.947,1881.63,159.3259344291917,(3/α)/φ^2,157.02928190301705,1.4625632228217733,YES
Crab Pulsar - AG-determined,Map:     f+R->vx,11.62,29.947,2186.45,137.11379542180248,1/α,137.0359990836958,0.056770730776491085,YES
PSR J1748-2446ad,Map:     f+R->vx,11.0,716.0,49486.4,6.058077734488667,integer 6,6.0,0.9679622414777859,YES
Vela Pulsar,Map:     f+R->vx,10.0,11.195,703.403,426.2029846332756,π/α,430.5112879986763,-1.000741092162481,YES
Black Hole Sgr A* event horizon,Predict: R+vx->f,12000000.0,0.00397612,299792.0,1.0000015277258898,1 (φ⁰),1.0,0.0001527725889793885,YES
Black Hole M87* event horizon,Predict: R+vx->f,19500000000.0,2.44684e-06,299792.0,1.0000015277258898,1 (φ⁰),1.0,0.0001527725889793885,YES
Stellar BH 10 solar masses,Predict: R+vx->f,29.5,1617.41,299792.0,1.0000015277258898,1 (φ⁰),1.0,0.0001527725889793885,YES
Globular Cluster M13,Predict: R+vx->f,1650000000000000.0,2.89172e-11,299792.0,1.0000015277258898,1 (φ⁰),1.0,0.0001527725889793885,YES
Open Cluster Pleiades,Predict: R+vx->f,5700000000000000.0,8.37078e-12,299792.0,1.0000015277258898,1 (φ⁰),1.0,0.0001527725889793885,YES
Milky Way disk radius,Predict: R+vx->f,4.7e+17,1.01518e-13,299792.0,1.0000015277258898,1 (φ⁰),1.0,0.0001527725889793885,YES
Milky Way halo coherence,Predict: R+vx->f,1.9e+18,2.51123e-14,299792.0,1.0000015277258898,1 (φ⁰),1.0,0.0001527725889793885,YES
M31 Andromeda disk,Predict: R+vx->f,1.04e+18,4.58783e-14,299792.0,1.0000015277258898,1 (φ⁰),1.0,0.0001527725889793885,YES
NGC 3198 disk,Predict: R+vx->f,1.2e+18,3.97612e-14,299792.0,1.0000015277258898,1 (φ⁰),1.0,0.0001527725889793885,YES
Local Group radius,Predict: R+vx->f,4.7e+19,1.01518e-15,299792.0,1.0000015277258898,1 (φ⁰),1.0,0.0001527725889793885,YES
Virgo Cluster scale,Predict: R+vx->f,2.4e+19,1.98806e-15,299792.0,1.0000015277258898,1 (φ⁰),1.0,0.0001527725889793885,YES
Local Supercluster (Laniakea),Predict: R+vx->f,2.4e+21,1.98806e-17,299792.0,1.0000015277258898,1 (φ⁰),1.0,0.0001527725889793885,YES
Sloan Great Wall,Predict: R+vx->f,1.4e+22,3.4081e-18,299792.0,1.0000015277258898,1 (φ⁰),1.0,0.0001527725889793885,YES
CMB Last-Scattering Surface,Predict: R+vx->f,4.4e+23,1.0844e-19,299792.0,1.0000015277258898,1 (φ⁰),1.0,0.0001527725889793885,YES
Hubble Horizon,Predict: R+vx->f,1.32e+23,3.61466e-19,299792.0,1.0000015277258898,1 (φ⁰),1.0,0.0001527725889793885,YES
Cosmological a0 boundary,Map:     f+R->vx,4.46e+22,1.2e-10,33627600000000.0,8.915071488896025e-09,α,0.0072973525693,-99.99987783142716,NO
Saturn,Predict: R+vx->f,58232.0,0.819368,299792.0,1.0000015277258898,1 (φ⁰),1.0,0.0001527725889793885,YES
Saturn rings outer,Predict: R+vx->f,140000.0,0.34081,299792.0,1.0000015277258898,1 (φ⁰),1.0,0.0001527725889793885,YES
Pluto,Predict: R+vx->f,1188.0,40.1628,299792.0,1.0000015277258898,1 (φ⁰),1.0,0.0001527725889793885,YES
Ceres,Predict: R+vx->f,469.7,101.583,299792.0,1.0000015277258898,1 (φ⁰),1.0,0.0001527725889793885,YES
Phobos,Predict: R+vx->f,11.27,4233.67,299792.0,1.0000015277258898,1 (φ⁰),1.0,0.0001527725889793885,YES
ISS orbit altitude,Predict: R+vx->f,6779.0,7.03842,299792.0,1.0000015277258898,1 (φ⁰),1.0,0.0001527725889793885,YES
Geostationary orbit,Predict: R+vx->f,42164.0,1.13162,299792.0,1.0000015277258898,1 (φ⁰),1.0,0.0001527725889793885,YES
Voyager 1 distance,Predict: R+vx->f,23900000000.0,1.99638e-06,299792.0,1.0000015277258898,1 (φ⁰),1.0,0.0001527725889793885,YES
Alpha Centauri distance,Predict: R+vx->f,40000000000000.0,1.19284e-09,299792.0,1.0000015277258898,1 (φ⁰),1.0,0.0001527725889793885,YES
Galactic center distance,Predict: R+vx->f,2.46e+17,1.93957e-13,299792.0,1.0000015277258898,1 (φ⁰),1.0,0.0001527725889793885,YES
Solar mass Schwarzschild,Predict: R+vx->f,2.95,16174.1,299792.0,1.0000015277258898,1 (φ⁰),1.0,0.0001527725889793885,YES
Earth mass Schwarzschild,Predict: R+vx->f,8.87e-06,5379190000.0,299792.0,1.0000015277258898,1 (φ⁰),1.0,0.0001527725889793885,YES
Hydrogen Bohr radius substrate,Predict: R+vx->f,5.292e-14,9.01615e+17,299792.0,1.0000015277258898,1 (φ⁰),1.0,0.0001527725889793885,YES
Proton charge radius substrate,Predict: R+vx->f,8.41e-19,5.67342e+22,299792.0,1.0000015277258898,1 (φ⁰),1.0,0.0001527725889793885,YES
