object,tier,Z,A,cv_observed,vx_observed_kms,assigned_anchor,anchor_cv,anchor_vx_pred_kms,distance_pct,tight_hit_2pct
Hydrogen (H Z=1),element,1,,468.0980469921055,640.448,(2/α)·φ,443.45780839943853,676.0337789113097,5.556388482954087,NO
Helium (He Z=2),element,2,,286.62490965064916,1045.94,2/α,274.0719981673916,1093.845631821531,4.580151043227251,NO
Lithium (Li Z=3),element,3,,285.9250910824988,1048.5,2/α,274.0719981673916,1093.845631821531,4.324809901910457,NO
Beryllium (Be Z=4),element,4,,222.97516283531087,1344.5105463222658,(1/α)·φ,221.72890419971927,1352.0675578226194,0.5620641296585671,YES
Boron (B Z=5),element,5,,283.09548622259155,1058.98,2/α,274.0719981673916,1093.845631821531,3.2923786871830605,NO
Carbon (C Z=6),element,6,,227.58618810114857,1317.27,(1/α)·φ,221.72890419971927,1352.0675578226194,2.641642018919387,NO
Nitrogen (N Z=7),element,7,,206.78661146097076,1449.7672546686288,φ^11,199.0050249987407,1506.4567239038163,3.9102462172898727,NO
Oxygen (O Z=8),element,8,,223.9116622708858,1338.8871975650577,(1/α)·φ,221.72890419971927,1352.0675578226194,0.9844264910092574,YES
Fluorine (F Z=9),element,9,,199.31146040854202,1504.1405917426691,φ^11,199.0050249987407,1506.4567239038163,0.15398375483395402,YES
Neon (Ne Z=10),element,10,,157.76806668736612,1900.21,(3/α)/φ^2,157.02928190301705,1909.1500283695814,0.4704758089674931,YES
Sodium (Na Z=11),element,11,,231.3088475159521,1296.0699999999997,(1/α)·φ,221.72890419971927,1352.0675578226194,4.3205658508120335,NO
Magnesium (Mg Z=12),element,12,,214.97986696269385,1394.5141107191398,φ^11,199.0050249987407,1506.4567239038163,8.027356075081132,NO
Aluminum (Al Z=13),element,13,,275.69951533730966,1087.3884113768331,2/α,274.0719981673916,1093.845631821531,0.5938283300740727,YES
Silicon (Si Z=14),element,14,,218.0800456830267,1374.69,π/(2α),215.25564399933816,1392.7275142709927,1.3121150420089422,YES
Phosphorus (P Z=15),element,15,,175.85920233702697,1704.73,(2/α)/φ,169.3858102320469,1769.8794107328408,3.821685001897126,NO
Sulfur (S Z=16),element,16,,181.39996006438105,1652.66,(2/α)/φ,169.3858102320469,1769.8794107328408,7.092772302399819,NO
Chlorine (Cl Z=17),element,17,,164.87320305003644,1818.321306640823,(3/α)/φ^2,157.02928190301705,1909.1500283695814,4.995196470339764,NO
Argon (Ar Z=18),element,18,,127.86034123061255,2344.686828727336,φ^10,122.99186938124426,2437.498181857191,3.958368853047695,NO
Potassium (K Z=19),element,19,,223.93962740528264,1338.72,(1/α)·φ,221.72890419971927,1352.0675578226194,0.9970387999446794,YES
Calcium (Ca Z=20),element,20,,214.60812294409897,1396.9296869442812,φ^11,199.0050249987407,1506.4567239038163,7.840554752553104,NO
Scandium (Sc Z=21),element,21,,176.90314810553085,1694.67,(2/α)/φ,169.3858102320469,1769.8794107328408,4.43799741146304,NO
Titanium (Ti Z=22),element,22,,180.62071587369485,1659.79,(2/α)/φ,169.3858102320469,1769.8794107328408,6.632731293286547,NO
Vanadium (V Z=23),element,23,,206.83294973857596,1449.4424528534698,φ^11,199.0050249987407,1506.4567239038163,3.9335311959508643,NO
Chromium (Cr Z=24),element,24,,220.71069595142453,1358.3050731079218,π/(2α),215.25564399933816,1392.7275142709927,2.53422017222607,NO
Manganese (Mn Z=25),element,25,,207.0472765724225,1447.9420495788863,φ^11,199.0050249987407,1506.4567239038163,4.041230402967305,NO
Iron (Fe Z=26),element,26,,208.83909269768398,1435.5188682704168,φ^11,199.0050249987407,1506.4567239038163,4.9416177802573085,NO
Cobalt (Co Z=27),element,27,,199.29302141544727,1504.279757869951,φ^11,199.0050249987407,1506.4567239038163,0.14471816312598798,YES
Nickel (Ni Z=28),element,28,,222.21503992675045,1349.1096646690596,π/(2α),215.25564399933816,1392.7275142709927,3.2330840660483284,NO
Copper (Cu Z=29),element,29,,204.53065174774602,1465.7580926781736,φ^11,199.0050249987407,1506.4567239038163,2.7766267455006615,NO
Zinc (Zn Z=30),element,30,,172.17379653346504,1741.22,(2/α)/φ,169.3858102320469,1769.8794107328408,1.6459385220041634,YES
Gallium (Ga Z=31),element,31,,278.5391886511227,1076.302618140737,2/α,274.0719981673916,1093.845631821531,1.629933197700378,YES
Germanium (Ge Z=32),element,32,,222.34521061838527,1348.3198363761417,π/(2α),215.25564399933816,1392.7275142709927,3.2935566693289133,NO
Arsenic (As Z=33),element,33,,169.40202519056794,1769.71,(2/α)/φ,169.3858102320469,1769.8794107328408,0.009572796268364842,YES
Selenium (Se Z=34),element,34,,170.15754269044058,1761.8523002850245,(2/α)/φ,169.3858102320469,1769.8794107328408,0.45560632105868326,YES
Bromine (Br Z=35),element,35,,139.19233819296124,2153.8,1/α,137.0359990836958,2187.691263643062,1.5735566739280271,YES
Krypton (Kr Z=36),element,36,,124.47351348869857,2408.4839384502416,φ^10,122.99186938124426,2437.498181857191,1.2046683369463929,YES
Rubidium (Rb Z=37),element,37,,215.7833160758887,1389.3217670942,π/(2α),215.25564399933816,1392.7275142709927,0.2451373941916889,YES
Strontium (Sr Z=38),element,38,,177.69164448922737,1687.15,(2/α)/φ,169.3858102320469,1769.8794107328408,4.903500621334245,NO
Yttrium (Y Z=39),element,39,,171.7218898789593,1745.802228308302,(2/α)/φ,169.3858102320469,1769.8794107328408,1.3791471928564305,YES
Zirconium (Zr Z=40),element,40,,169.9725349677112,1763.77,(2/α)/φ,169.3858102320469,1769.8794107328408,0.3463836403182286,YES
Niobium (Nb Z=41),element,41,,178.01873934859415,1684.05,(2/α)/φ,169.3858102320469,1769.8794107328408,5.096607032620222,NO
Molybdenum (Mo Z=42),element,42,,180.66425493705518,1659.3899999999999,(2/α)/φ,169.3858102320469,1769.8794107328408,6.658435372808133,NO
Technetium (Tc Z=43),element,43,,213.61996844064382,1403.3915470935947,φ^11,199.0050249987407,1506.4567239038163,7.3440072390109705,NO
Ruthenium (Ru Z=44),element,44,,214.3868251789349,1398.3716478369531,φ^11,199.0050249987407,1506.4567239038163,7.72935265342749,NO
Rhodium (Rh Z=45),element,45,,211.70519463906243,1416.0845628333216,φ^11,199.0050249987407,1506.4567239038163,6.381833644854976,NO
Palladium (Pd Z=46),element,46,,170.28147588565068,1760.5699999999997,(2/α)/φ,169.3858102320469,1769.8794107328408,0.5287725414406147,YES
Silver (Ag Z=47),element,47,,179.62507744204578,1668.99,(2/α)/φ,169.3858102320469,1769.8794107328408,6.044938000397896,NO
Cadmium (Cd Z=48),element,48,,161.69480371129987,1854.0636502782638,(3/α)/φ^2,157.02928190301705,1909.1500283695814,2.9711158019332307,NO
Indium (In Z=49),element,49,,268.0026174656648,1118.6176494653375,(3/α)/φ,254.07871534807035,1179.9196071552274,5.48015291187207,NO
Tin (Sn Z=50),element,50,,204.70406174572597,1464.5164118550244,φ^11,199.0050249987407,1506.4567239038163,2.863765247647034,NO
Antimony (Sb Z=51),element,51,,173.86111444344374,1724.3215020200573,(2/α)/φ,169.3858102320469,1769.8794107328408,2.642077400265095,NO
Tellurium (Te Z=52),element,52,,158.70935974673625,1888.94,(3/α)/φ^2,157.02928190301705,1909.1500283695814,1.0699137277828459,YES
Iodine (I Z=53),element,53,,138.24044712053808,2168.6305581650604,1/α,137.0359990836958,2187.691263643062,0.8789281976239351,YES
Xenon (Xe Z=54),element,54,,129.78421085917142,2309.9301218181627,φ^10,122.99186938124426,2437.498181857191,5.522593901611991,NO
Cesium (Cs Z=55),element,55,,222.82255321374836,1345.431392272111,π/(2α),215.25564399933816,1392.7275142709927,3.515312803799685,NO
Barium (Ba Z=56),element,56,,176.1040308747856,1702.36,(2/α)/φ,169.3858102320469,1769.8794107328408,3.9662239909796373,NO
Lanthanum (La Z=57),element,57,,170.9319721530102,1753.87,(2/α)/φ,169.3858102320469,1769.8794107328408,0.9128048676835235,YES
Cerium (Ce Z=58),element,58,,174.6421481874159,1716.61,(2/α)/φ,169.3858102320469,1769.8794107328408,3.1031749047740007,NO
Praseodymium (Pr Z=59),element,59,,177.6084801592474,1687.9399999999996,(2/α)/φ,169.3858102320469,1769.8794107328408,4.854403043522929,NO
Neodymium (Nd Z=60),element,60,,177.68848492751218,1687.1799999999998,(2/α)/φ,169.3858102320469,1769.8794107328408,4.901635316495034,NO
Promethium (Pm Z=61),element,61,,177.64110498154213,1687.6300000000003,(2/α)/φ,169.3858102320469,1769.8794107328408,4.87366370192759,NO
Samarium (Sm Z=62),element,62,,176.58637694305858,1697.71,(2/α)/φ,169.3858102320469,1769.8794107328408,4.250985782780384,NO
Europium (Eu Z=63),element,63,,175.75507287159823,1705.74,(2/α)/φ,169.3858102320469,1769.8794107328408,3.7602102742997605,NO
Gadolinium (Gd Z=64),element,64,,175.06421631287634,1712.4713680162267,(2/α)/φ,169.3858102320469,1769.8794107328408,3.3523505145150208,NO
Terbium (Tb Z=65),element,65,,173.4628983729488,1728.28,(2/α)/φ,169.3858102320469,1769.8794107328408,2.406983285858819,NO
Dysprosium (Dy Z=66),element,66,,173.05336504326442,1732.37,(2/α)/φ,169.3858102320469,1769.8794107328408,2.16520782124147,NO
Holmium (Ho Z=67),element,67,,170.67895153347337,1756.47,(2/α)/φ,169.3858102320469,1769.8794107328408,0.7634295338286865,YES
Erbium (Er Z=68),element,68,,170.94171869743465,1753.77,(2/α)/φ,169.3858102320469,1769.8794107328408,0.918558917807966,YES
Thulium (Tm Z=69),element,69,,170.83665740735415,1754.8485351428712,(2/α)/φ,169.3858102320469,1769.8794107328408,0.856534070545612,YES
Ytterbium (Yb Z=70),element,70,,170.04936184767365,1762.9731434602338,(2/α)/φ,169.3858102320469,1769.8794107328408,0.3917397890164024,YES
Lutetium (Lu Z=71),element,71,,203.53031389456936,1472.962195475684,φ^11,199.0050249987407,1506.4567239038163,2.273957100257789,NO
Hafnium (Hf Z=72),element,72,,173.56030226724602,1727.3100708155212,(2/α)/φ,169.3858102320469,1769.8794107328408,2.4644874499701843,NO
Tantalum (Ta Z=73),element,73,,160.30938026653425,1870.0868127713911,(3/α)/φ^2,157.02928190301705,1909.1500283695814,2.08884503817767,NO
Tungsten (W Z=74),element,74,,159.16708460169414,1883.5078794727704,(3/α)/φ^2,157.02928190301705,1909.1500283695814,1.3614038558728312,YES
Rhenium (Re Z=75),element,75,,171.94963257262543,1743.4899599065923,(2/α)/φ,169.3858102320469,1769.8794107328408,1.5135992425022293,YES
Osmium (Os Z=76),element,76,,162.39583653835737,1846.06,(3/α)/φ^2,157.02928190301705,1909.1500283695814,3.4175502621573233,NO
Iridium (Ir Z=77),element,77,,157.9881908519714,1897.562446809037,(3/α)/φ^2,157.02928190301705,1909.1500283695814,0.6106561383542415,YES
Platinum (Pt Z=78),element,78,,161.95805515788336,1851.05,(3/α)/φ^2,157.02928190301705,1909.1500283695814,3.138760615303824,NO
Gold (Au Z=79),element,79,,157.27394999422924,1906.1800000000005,(3/α)/φ^2,157.02928190301705,1909.1500283695814,0.15581048849432338,YES
Mercury (Hg Z=80),element,80,,143.22413277469101,2093.17,1/α,137.0359990836958,2187.691263643062,4.515699328915583,NO
Thallium (Tl Z=81),element,81,,222.79463287752677,1345.6,(1/α)·φ,221.72890419971927,1352.0675578226194,0.48064490358350326,YES
Lead (Pb Z=82),element,82,,182.23136184594438,1645.12,(2/α)/φ,169.3858102320469,1769.8794107328408,7.583605495820428,NO
Bismuth (Bi Z=83),element,83,,183.00336837221792,1638.18,(2/α)/φ,169.3858102320469,1769.8794107328408,8.039373617846675,NO
Polonium (Po Z=84),element,84,,171.25611008211757,1750.550434996153,(2/α)/φ,169.3858102320469,1769.8794107328408,1.1041656013030154,YES
Astatine (At Z=85),element,85,,141.19508206758508,2123.25,1/α,137.0359990836958,2187.691263643062,3.035029489841633,NO
Radon (Rn Z=86),element,86,,123.59349348594004,2425.633013068801,φ^10,122.99186938124426,2437.498181857191,0.48915762295708165,YES
Francium (Fr Z=87),element,87,,211.66003010638516,1416.3867304059129,φ^11,199.0050249987407,1506.4567239038163,6.3591384728725,NO
Radium (Ra Z=88),element,88,,169.61429229174988,1767.4952620403797,(2/α)/φ,169.3858102320469,1769.8794107328408,0.13488854786003893,YES
Actinium (Ac Z=89),element,89,,177.52434240913342,1688.74,(2/α)/φ,169.3858102320469,1769.8794107328408,4.804730789395693,NO
Thorium (Th Z=90),element,90,,162.17262906087248,1848.6008381073423,(3/α)/φ^2,157.02928190301705,1909.1500283695814,3.2754064054320873,NO
Protactinium (Pa Z=91),element,91,,171.26172606838503,1750.4930312350843,(2/α)/φ,169.3858102320469,1769.8794107328408,1.1074811011431689,YES
Uranium (U Z=92),element,92,,162.53670884703385,1844.4599999999996,(3/α)/φ^2,157.02928190301705,1909.1500283695814,3.5072611154257314,NO
Neptunium (Np Z=93),element,93,,173.01771536307984,1732.7269486299813,(2/α)/φ,169.3858102320469,1769.8794107328408,2.1441613828557706,NO
Plutonium (Pu Z=94),element,94,,175.11241705607472,1712.0000000000005,(2/α)/φ,169.3858102320469,1769.8794107328408,3.380806701684623,NO
Americium (Am Z=95),element,95,,214.49810244477706,1397.6462009829766,φ^11,199.0050249987407,1506.4567239038163,7.785269465499373,NO
Curium (Cm Z=96),element,96,,203.1308235535642,1475.8590191062106,φ^11,199.0050249987407,1506.4567239038163,2.073213254212865,NO
Berkelium (Bk Z=97),element,97,,208.49947873326622,1437.8571103457052,φ^11,199.0050249987407,1506.4567239038163,4.770961805906955,NO
Californium (Cf Z=98),element,98,,211.02775201579345,1420.6304864469357,φ^11,199.0050249987407,1506.4567239038163,6.04141881197663,NO
Einsteinium (Es Z=99),element,99,,210.19605318000012,1426.2516039883703,φ^11,199.0050249987407,1506.4567239038163,5.623490251731195,NO
Fermium (Fm Z=100),element,100,,181.7849438502025,1649.1600000000003,(2/α)/φ,169.3858102320469,1769.8794107328408,7.32005449640063,NO
Mendelevium (Md Z=101),element,101,,173.34655032843,1729.44,(2/α)/φ,169.3858102320469,1769.8794107328408,2.338295097421177,NO
Nobelium (No Z=102),element,102,,170.17366303643024,1761.6854021401734,(2/α)/φ,169.3858102320469,1769.8794107328408,0.4651232610949111,YES
Lawrencium (Lr Z=103),element,103,,261.05469007812104,1148.3894731417643,(3/α)/φ,254.07871534807035,1179.9196071552274,2.7455958758662997,NO
Rutherfordium (Rf Z=104),element,104,,221.73053558907134,1352.0576099432656,π/(2α),215.25564399933816,1392.7275142709927,3.008000844685453,NO
Dubnium (Db Z=105),element,105,,203.25362638185894,1474.967326963065,φ^11,199.0050249987407,1506.4567239038163,2.134921659965678,NO
Seaborgium (Sg Z=106),element,106,,176.91149953676114,1694.5899999999995,(2/α)/φ,169.3858102320469,1769.8794107328408,4.442927831088406,NO
Bohrium (Bh Z=107),element,107,,181.75077934124292,1649.4700000000003,(2/α)/φ,169.3858102320469,1769.8794107328408,7.299884855913759,NO
Hassium (Hs Z=108),element,108,,204.24803942367808,1467.7862213312665,φ^11,199.0050249987407,1506.4567239038163,2.634614088247545,NO
Meitnerium (Mt Z=109),element,109,,175.8241350794982,1705.07,(2/α)/φ,169.3858102320469,1769.8794107328408,3.800982407340518,NO
Darmstadtium (Ds Z=110),element,110,,173.00671728252192,1732.837098518178,(2/α)/φ,169.3858102320469,1769.8794107328408,2.1376684655666534,NO
Roentgenium (Rg Z=111),element,111,,160.2091747543511,1871.2564898962378,(3/α)/φ^2,157.02928190301705,1909.1500283695814,2.025031772926263,NO
Copernicium (Cn Z=112),element,112,,139.28595818016018,2152.3523398692623,1/α,137.0359990836958,2187.691263643062,1.6418744793404252,YES
Nihonium (Nh Z=113),element,113,,199.25218003533783,1504.588095080471,φ^11,199.0050249987407,1506.4567239038163,0.12419537476438774,YES
Flerovium (Fl Z=114),element,114,,160.45410939841574,1868.4,(3/α)/φ^2,157.02928190301705,1909.1500283695814,2.1810120086481053,NO
Moscovium (Mc Z=115),element,115,,220.49905822634707,1359.6087911280624,π/(2α),215.25564399933816,1392.7275142709927,2.4359009267255423,NO
Livermorium (Lv Z=116),element,116,,157.45009587030893,1904.047478300286,(3/α)/φ^2,157.02928190301705,1909.1500283695814,0.2679843925872225,YES
Tennessine (Ts Z=117),element,117,,158.74419297975956,1888.5255099581789,(3/α)/φ^2,157.02928190301705,1909.1500283695814,1.0920963631494085,YES
Oganesson (Og Z=118),element,118,,141.22035640430173,2122.87,1/α,137.0359990836958,2187.691263643062,3.053473064439292,NO
Hydrogen-1 (Z=1 A=1),nuclide,1,1,0.24612243575004003,1218062.2911779843,3α·φ^5,0.24278664039898165,1234798.0000354971,1.3739616585066199,YES
Deuterium (Z=1 A=2),nuclide,1,2,41.408999156052865,7239.79,integer 41,41.0,7312.011170731707,0.9975589172021087,YES
Helium-3 (Z=2 A=3),nuclide,2,3,13.0038109324982,23054.2,integer 13,13.0,23060.958307692308,0.029314865370763027,YES
Helium-4 (Z=2 A=4),nuclide,2,4,4.309947321753436,69558.26501332597,φ^3,4.23606797749979,70771.39922975065,1.7440547376968885,YES
Lithium-6 (Z=3 A=6),nuclide,3,6,2.8538700864098154,105047.68925103405,φ²,2.618033988749895,114510.52938512467,9.00813735319501,NO
Lithium-7 (Z=3 A=7),nuclide,3,7,2.0573608981793474,145717.0,integer 2,2.0,149896.229,2.868044908967371,NO
Beryllium-9 (Z=4 A=9),nuclide,4,9,1.7948161127092903,167032.4084328955,π/2,1.5707963267948966,190853.80636947768,14.261542511465553,NO
Boron-10 (Z=5 A=10),nuclide,5,10,1.8862959975028333,158931.8210911115,π/2,1.5707963267948966,190853.80636947768,20.08533285481334,NO
Boron-11 (Z=5 A=11),nuclide,5,11,1.0766860293061342,278440.0,1 (φ⁰),1.0,299792.458,7.668602930613422,NO
Carbon-12 (Z=6 A=12),nuclide,6,12,1.1332296594414712,264546.95701112965,1 (φ⁰),1.0,299792.458,13.322965944147136,NO
Carbon-13 (Z=6 A=13),nuclide,6,13,1.1744415829751143,255263.83120781617,1 (φ⁰),1.0,299792.458,17.444158297511425,NO
Nitrogen-14 (Z=7 A=14),nuclide,7,14,0.73701273210462,406767.0,1/φ,0.6180339887498948,485074.38661487534,19.251165068669614,NO
Nitrogen-15 (Z=7 A=15),nuclide,7,15,0.6568921907182611,456380.0,1/φ,0.6180339887498948,485074.38661487534,6.2873891526524766,NO
Oxygen-16 (Z=8 A=16),nuclide,8,16,0.6632026462786079,452037.48760987114,1/φ,0.6180339887498948,485074.38661487534,7.308442310766168,NO
Oxygen-17 (Z=8 A=17),nuclide,8,17,0.67998333847235,440882.0643657438,1/φ,0.6180339887498948,485074.38661487534,10.023615343188647,NO
Oxygen-18 (Z=8 A=18),nuclide,8,18,0.7270098809291412,412363.6636366701,1/φ,0.6180339887498948,485074.38661487534,17.632669750036456,NO
Fluorine-19 (Z=9 A=19),nuclide,9,19,0.4607555751597623,650654.0,3α·φ^6,0.39283703617995064,763147.1332623311,17.289240250936917,NO
Neon-20 (Z=10 A=20),nuclide,10,20,0.4103227342032723,730625.9999999999,3α·φ^6,0.39283703617995064,763147.1332623311,4.451132763182689,NO
Neon-21 (Z=10 A=21),nuclide,10,21,0.3983958224529202,752499.0,3α·φ^6,0.39283703617995064,763147.1332623311,1.4150362010223372,YES
Neon-22 (Z=10 A=22),nuclide,10,22,0.39460486284288754,759728.240144275,1/φ²,0.38196601125010515,784866.8446148753,3.3088943048670028,NO
Sodium-23 (Z=11 A=23),nuclide,11,23,0.41061483751197214,730106.2470526508,1/φ²,0.38196601125010515,784866.8446148753,7.500360089135836,NO
Magnesium-24 (Z=12 A=24),nuclide,12,24,0.4383484628201547,683913.5606208311,1/φ²,0.38196601125010515,784866.8446148753,14.761117457943463,NO
Magnesium-25 (Z=12 A=25),nuclide,12,25,0.4478282961150074,669436.1669433453,1/φ²,0.38196601125010515,784866.8446148753,17.242970035304204,NO
Magnesium-26 (Z=12 A=26),nuclide,12,26,0.30014542902453284,998824.0,2α·φ^6,0.26189135745330044,1144720.6998934967,14.606847642176863,NO
Aluminum-27 (Z=13 A=27),nuclide,13,27,0.2865728523223691,1046129.9999999999,2α·φ^6,0.26189135745330044,1144720.6998934967,9.424325838423208,NO
Silicon-28 (Z=14 A=28),nuclide,14,28,0.26717803523844325,1122070.0,2α·φ^6,0.26189135745330044,1144720.6998934967,2.018653015720652,NO
Silicon-29 (Z=14 A=29),nuclide,14,29,0.26431649656175665,1134217.734797928,2α·φ^6,0.26189135745330044,1144720.6998934967,0.9260095988041896,YES
Silicon-30 (Z=14 A=30),nuclide,14,30,0.2463473914293931,1216950.0000000002,3α·φ^5,0.24278664039898165,1234798.0000354971,1.4666173659967228,YES
Phosphorus-31 (Z=15 A=31),nuclide,15,31,0.23677941148343057,1266125.530601629,φ^-3,0.23606797749978967,1269941.2312297507,0.30136827162063357,YES
Sulfur-32 (Z=16 A=32),nuclide,16,32,0.24949519838814105,1201596.1025975787,φ^-3,0.23606797749978967,1269941.2312297507,5.687862043196158,NO
Sulfur-33 (Z=16 A=33),nuclide,16,33,0.25507278353852936,1175321.23122307,φ^-3,0.23606797749978967,1269941.2312297507,8.050565027929972,NO
Sulfur-34 (Z=16 A=34),nuclide,16,34,0.26635608733899424,1125532.5943365842,φ^-3,0.23606797749978967,1269941.2312297507,12.830249218885081,NO
Sulfur-36 (Z=16 A=36),nuclide,16,36,0.278441546305725,1076680.0500052962,φ^-3,0.23606797749978967,1269941.2312297507,17.949731791120662,NO
Chlorine-35 (Z=17 A=35),nuclide,17,35,0.2754978700062369,1088184.3042678083,φ^-3,0.23606797749978967,1269941.2312297507,16.702770500281996,NO
Chlorine-37 (Z=17 A=37),nuclide,17,37,0.18320578964415138,1636370.0,2α·φ^5,0.16185776026598775,1852197.000053246,13.189376489012023,NO
Argon-36 (Z=18 A=36),nuclide,18,36,0.18770933623858094,1597110.0,2α·φ^5,0.16185776026598775,1852197.000053246,15.971786542770758,NO
Argon-38 (Z=18 A=38),nuclide,18,38,0.17714147330107125,1692390.0,2α·φ^5,0.16185776026598775,1852197.000053246,9.442681654538603,NO
Argon-40 (Z=18 A=40),nuclide,18,40,0.16745656130080938,1790269.9999999998,2α·φ^5,0.16185776026598775,1852197.000053246,3.4590871797687406,NO
Potassium-39 (Z=19 A=39),nuclide,19,39,0.17214117194453216,1741550.0,2α·φ^5,0.16185776026598775,1852197.000053246,6.353363386250519,NO
Potassium-40 (Z=19 A=40),nuclide,19,40,0.16728369640425864,1792120.0,2α·φ^5,0.16185776026598775,1852197.000053246,3.352286680202553,NO
Potassium-41 (Z=19 A=41),nuclide,19,41,0.16261429284327228,1843580.0000000005,2α·φ^5,0.16185776026598775,1852197.000053246,0.4674058111525301,YES
Calcium-40 (Z=20 A=40),nuclide,20,40,0.1658878142983621,1807200.0,2α·φ^5,0.16185776026598775,1852197.000053246,2.4898738409277374,NO
Calcium-42 (Z=20 A=42),nuclide,20,42,0.1554246850471263,1928859.9999999995,3α·φ^4,0.150050395780969,1997945.1332978283,3.5816561750375073,NO
Calcium-43 (Z=20 A=43),nuclide,20,43,0.15310766221495875,1958050.0,3α·φ^4,0.150050395780969,1997945.1332978283,2.037493082292502,NO
Calcium-44 (Z=20 A=44),nuclide,20,44,0.1528115815786423,1961843.8269072955,3α·φ^4,0.150050395780969,1997945.1332978283,1.8401722856525242,YES
Calcium-46 (Z=20 A=46),nuclide,20,46,0.1589994115764344,1885494.1350263008,3α·φ^4,0.150050395780969,1997945.1332978283,5.964006791777107,NO
Calcium-48 (Z=20 A=48),nuclide,20,48,0.13642370592170228,2197510.0,1α·φ^6,0.13094567872665022,2289441.3997869934,4.1834348779752135,NO
Titanium-46 (Z=22 A=46),nuclide,22,46,0.13738901960065442,2182070.0,1α·φ^6,0.13094567872665022,2289441.3997869934,4.920621235202958,NO
Titanium-47 (Z=22 A=47),nuclide,22,47,0.13416654344634993,2234480.0,1α·φ^6,0.13094567872665022,2289441.3997869934,2.459695311078786,NO
Titanium-48 (Z=22 A=48),nuclide,22,48,0.1312474655793109,2284177.1205009655,1α·φ^6,0.13094567872665022,2289441.3997869934,0.2304672102167434,YES
Titanium-49 (Z=22 A=49),nuclide,22,49,0.13397226767300424,2237720.2626122967,1α·φ^6,0.13094567872665022,2289441.3997869934,2.311331672633535,NO
Titanium-50 (Z=22 A=50),nuclide,22,50,0.13777373752442768,2175976.8108696765,1α·φ^6,0.13094567872665022,2289441.3997869934,5.214420868390061,NO
Chromium-50 (Z=24 A=50),nuclide,24,50,0.13792206605610904,2173636.6527314004,1α·φ^6,0.13094567872665022,2289441.3997869934,5.327695726425674,NO
Chromium-52 (Z=24 A=52),nuclide,24,52,0.1438930271047676,2083439.7887934002,1α·φ^6,0.13094567872665022,2289441.3997869934,9.887572086395476,NO
Chromium-53 (Z=24 A=53),nuclide,24,53,0.14620078234322184,2050553.0353196429,1α·φ^6,0.13094567872665022,2289441.3997869934,11.649948104371376,NO
Chromium-54 (Z=24 A=54),nuclide,24,54,0.11291362831725082,2655060.0,2α·φ^4,0.10003359718731265,2996917.6999467425,12.875705255125784,NO
Iron-54 (Z=26 A=54),nuclide,26,54,0.11328612002282407,2646329.9999999995,2α·φ^4,0.10003359718731265,2996917.6999467425,13.248071855994626,NO
Iron-56 (Z=26 A=56),nuclide,26,56,0.10724722502450508,2795339.9999999995,2α·φ^4,0.10003359718731265,2996917.6999467425,7.211205075115827,NO
Iron-57 (Z=26 A=57),nuclide,26,57,0.10514053273011029,2851350.0,2α·φ^4,0.10003359718731265,2996917.6999467425,5.105220332359846,NO
Iron-58 (Z=26 A=58),nuclide,26,58,0.10250786711254266,2924580.0,2α·φ^4,0.10003359718731265,2996917.6999467425,2.473438919323202,NO
Nickel-58 (Z=28 A=58),nuclide,28,58,0.10319203150224253,2905190.0,2α·φ^4,0.10003359718731265,2996917.6999467425,3.1573735262321074,NO
Nickel-60 (Z=28 A=60),nuclide,28,60,0.10180808993810532,2944682.0796093917,2α·φ^4,0.10003359718731265,2996917.6999467425,1.773896771371642,YES
Nickel-61 (Z=28 A=61),nuclide,28,61,0.10329939194342642,2902170.5971336807,2α·φ^4,0.10003359718731265,2996917.6999467425,3.2646979094419577,NO
Nickel-62 (Z=28 A=62),nuclide,28,62,0.09438120450824833,3176400.0,3α·φ^3,0.09273624461801265,3232743.133333326,1.7738047265245513,YES
Nickel-64 (Z=28 A=64),nuclide,28,64,0.09429334782572406,3179359.572152278,3α·φ^3,0.09273624461801265,3232743.133333326,1.679066490265192,YES
Copper-63 (Z=29 A=63),nuclide,29,63,0.0937605850495377,3197425.2063551745,3α·φ^3,0.09273624461801265,3232743.133333326,1.1045739837151949,YES
Copper-65 (Z=29 A=65),nuclide,29,65,0.0974116799256663,3077582.259424825,3α·φ^3,0.09273624461801265,3232743.133333326,5.041648307964273,NO
Zinc-64 (Z=30 A=64),nuclide,30,64,0.09564380386007171,3134468.1610384374,3α·φ^3,0.09273624461801265,3232743.133333326,3.1352997461084455,NO
Zinc-66 (Z=30 A=66),nuclide,30,66,0.09904010366523432,3026980.4544362067,3α·φ^3,0.09273624461801265,3232743.133333326,6.797621656114831,NO
Zinc-68 (Z=30 A=68),nuclide,30,68,0.08337805249778894,3595580.0,1α·φ^5,0.08092888013299387,3704394.000106492,3.02632677082673,NO
Zinc-70 (Z=30 A=70),nuclide,30,70,0.08102850947870506,3699839.2285469333,1α·φ^5,0.08092888013299387,3704394.000106492,0.12310728326829756,YES
Germanium-70 (Z=32 A=70),nuclide,32,70,0.08195380254845189,3658066.4798654066,1α·φ^5,0.08092888013299387,3704394.000106492,1.2664482861664639,YES
Germanium-72 (Z=32 A=72),nuclide,32,72,0.08454942220498535,3545765.898590885,1α·φ^5,0.08092888013299387,3704394.000106492,4.4737330679007075,NO
Germanium-73 (Z=32 A=73),nuclide,32,73,0.08555314038607256,3504166.610917348,1α·φ^5,0.08092888013299387,3704394.000106492,5.713980281797356,NO
Germanium-74 (Z=32 A=74),nuclide,32,74,0.08703217266568325,3444616.500056743,1α·φ^5,0.08092888013299387,3704394.000106492,7.541550708053261,NO
Germanium-76 (Z=32 A=76),nuclide,32,76,0.08866731432525446,3381093.2504427093,1α·φ^5,0.08092888013299387,3704394.000106492,9.562018131900116,NO
Selenium-74 (Z=34 A=74),nuclide,34,74,0.08684063000614868,3452214.2225220315,1α·φ^5,0.08092888013299387,3704394.000106492,7.304870478177616,NO
Selenium-76 (Z=34 A=76),nuclide,34,76,0.08950633830033503,3349399.201138785,1α·φ^5,0.08092888013299387,3704394.000106492,10.598760483581941,NO
Selenium-77 (Z=34 A=77),nuclide,34,77,0.09035722292521638,3317858.2552069076,1α·φ^5,0.08092888013299387,3704394.000106492,11.650158480790193,NO
Selenium-78 (Z=34 A=78),nuclide,34,78,0.09162671398917019,3271889.22256269,1α·φ^5,0.08092888013299387,3704394.000106492,13.218808710309746,NO
Selenium-80 (Z=34 A=80),nuclide,34,80,0.06819866329077065,4395870.0,2α·φ^3,0.061824163078675096,4849114.699999989,10.31069390132076,NO
Selenium-82 (Z=34 A=82),nuclide,34,82,0.06654306052507747,4505240.0,2α·φ^3,0.061824163078675096,4849114.699999989,7.632772060977651,NO
Krypton-78 (Z=36 A=78),nuclide,36,78,0.06940475659107115,4319480.0,2α·φ^3,0.061824163078675096,4849114.699999989,12.261538425921392,NO
Krypton-80 (Z=36 A=80),nuclide,36,80,0.06701264465193006,4473670.0,2α·φ^3,0.061824163078675096,4849114.699999989,8.392319952074887,NO
Krypton-82 (Z=36 A=82),nuclide,36,82,0.06485827483033228,4622270.0,2α·φ^3,0.061824163078675096,4849114.699999989,4.907647108455137,NO
Krypton-83 (Z=36 A=83),nuclide,36,83,0.06409149579803188,4677570.0,2α·φ^3,0.061824163078675096,4849114.699999989,3.667389264083458,NO
Krypton-84 (Z=36 A=84),nuclide,36,84,0.0630536701608561,4754560.0,2α·φ^3,0.061824163078675096,4849114.699999989,1.9887160957057817,YES
Krypton-86 (Z=36 A=86),nuclide,36,86,0.06224224766292256,4816542.931154221,2α·φ^3,0.061824163078675096,4849114.699999989,0.676247867222114,YES
Tin-112 (Z=50 A=112),nuclide,50,112,0.05498311954706736,5452445.413603129,1α·φ^4,0.05001679859365633,5993835.399893485,9.92930593930678,NO
Tin-114 (Z=50 A=114),nuclide,50,114,0.055975821264508285,5355749.165043241,1α·φ^4,0.05001679859365633,5993835.399893485,11.914042558509026,NO
Tin-116 (Z=50 A=116),nuclide,50,116,0.04314243376649542,6948900.0,2α·φ^2,0.03820943410863755,7846032.3999467315,12.91042323168749,NO
Tin-117 (Z=50 A=117),nuclide,50,117,0.04267654097791241,7024760.0,2α·φ^2,0.03820943410863755,7846032.3999467315,11.691109731104428,NO
Tin-118 (Z=50 A=118),nuclide,50,118,0.04212532501110068,7116680.0,2α·φ^2,0.03820943410863755,7846032.3999467315,10.248492273739043,NO
Tin-119 (Z=50 A=119),nuclide,50,119,0.0416936645731229,7190360.0,2α·φ^2,0.03820943410863755,7846032.3999467315,9.118770130379168,NO
Tin-120 (Z=50 A=120),nuclide,50,120,0.041564583809923894,7212690.0,2α·φ^2,0.03820943410863755,7846032.3999467315,8.780945804501943,NO
Tin-122 (Z=50 A=122),nuclide,50,122,0.04089898977772381,7330070.0,2α·φ^2,0.03820943410863755,7846032.3999467315,7.038983255913403,NO
Tin-124 (Z=50 A=124),nuclide,50,124,0.040215982968813714,7454560.000000001,2α·φ^2,0.03820943410863755,7846032.3999467315,5.251448776946337,NO
Xenon-124 (Z=54 A=124),nuclide,54,124,0.038986337272812394,7689679.999999999,2α·φ^2,0.03820943410863755,7846032.3999467315,2.033275766309288,NO
Xenon-126 (Z=54 A=126),nuclide,54,126,0.038289626289976494,7829600.000000001,2α·φ^2,0.03820943410863755,7846032.3999467315,0.20987534416484732,YES
Xenon-128 (Z=54 A=128),nuclide,54,128,0.038756404492491875,7735301.09218665,2α·φ^2,0.03820943410863755,7846032.3999467315,1.431506109981035,YES
Xenon-129 (Z=54 A=129),nuclide,54,129,0.03907127924044788,7672962.437576012,2α·φ^2,0.03820943410863755,7846032.3999467315,2.255582035996462,NO
Xenon-130 (Z=54 A=130),nuclide,54,130,0.03941521984717994,7606007.505789655,2α·φ^2,0.03820943410863755,7846032.3999467315,3.1557278108701703,NO
Xenon-131 (Z=54 A=131),nuclide,54,131,0.036659931814235366,8177660.0,3α·φ,0.03542209345505632,8463431.39996448,3.4945375567641683,NO
Xenon-132 (Z=54 A=132),nuclide,54,132,0.036478690579183744,8218290.0,3α·φ,0.03542209345505632,8463431.39996448,2.9828759993195697,NO
Xenon-134 (Z=54 A=134),nuclide,54,134,0.03610347893107892,8303700.0,3α·φ,0.03542209345505632,8463431.39996448,1.9236171822739396,YES
Xenon-136 (Z=54 A=136),nuclide,54,136,0.035751718224533116,8385400.0,3α·φ,0.03542209345505632,8463431.39996448,0.9305626441729777,YES
Lead-204 (Z=82 A=204),nuclide,82,204,0.022422939438589667,13369900.0,3α,0.021892057707900002,13694119.666595636,2.424996945344661,NO
Lead-206 (Z=82 A=206),nuclide,82,206,0.02213944642606583,13541100.0,3α,0.021892057707900002,13694119.666595636,1.130038671862963,YES
Lead-207 (Z=82 A=207),nuclide,82,207,0.02204615675373573,13598400.000000002,3α,0.021892057707900002,13694119.666595636,0.7039038901314445,YES
Lead-208 (Z=82 A=208),nuclide,82,208,0.021919299997806552,13677100.0,3α,0.021892057707900002,13694119.666595636,0.12443914715572715,YES
Uranium-235 (Z=92 A=235),nuclide,92,235,0.01924770904159307,15575487.8334958,1α·φ^2,0.019104717054318775,15692064.799893463,0.7484643026522844,YES
Uranium-238 (Z=92 A=238),nuclide,92,238,0.019510271288348636,15365878.493910715,1α·φ^2,0.019104717054318775,15692064.799893463,2.1227963380812365,NO
