anchor_name,anchor_value_cv,predicted_vx_local_kms,occupant_count,element_occupants_count,nuclide_occupants_count,tier,best_element_match,best_element_match_err_pct,best_nuclide_match,best_nuclide_match_err_pct,all_element_occupants,all_nuclide_occupants,status
α,0.00729735,4.108e+07,0,0,0,sub-unit (deep nuclear / exotic),,,,,,,EMPTY (substrate prediction)
1α·φ,0.0118074,2.539e+07,0,0,0,sub-unit (deep nuclear / exotic),,,,,,,EMPTY (substrate prediction)
2α,0.0145947,2.054e+07,0,0,0,sub-unit (deep nuclear / exotic),,,,,,,EMPTY (substrate prediction)
1α·φ^2,0.0191047,1.569e+07,2,0,2,sub-unit (deep nuclear / exotic),,,Uranium-235 (Z=92 A=235),+0.748,,Uranium-235 (Z=92 A=235) (+0.75%); Uranium-238 (Z=92 A=238) (+2.12%),POPULATED
3α,0.0218921,1.369e+07,4,0,4,sub-unit (deep nuclear / exotic),,,Lead-208 (Z=82 A=208),+0.124,,Lead-204 (Z=82 A=204) (+2.42%); Lead-206 (Z=82 A=206) (+1.13%); Lead-207 (Z=82 A=207) (+0.70%); Lead-208 (Z=82 A=208) (+0.12%),POPULATED
2α·φ,0.0236147,1.27e+07,0,0,0,sub-unit (deep nuclear / exotic),,,,,,,EMPTY (substrate prediction)
1α·φ^3,0.0309121,9.698e+06,0,0,0,sub-unit (deep nuclear / exotic),,,,,,,EMPTY (substrate prediction)
3α·φ,0.0354221,8.463e+06,4,0,4,sub-unit (deep nuclear / exotic),,,Xenon-136 (Z=54 A=136),+0.931,,Xenon-131 (Z=54 A=131) (+3.49%); Xenon-132 (Z=54 A=132) (+2.98%); Xenon-134 (Z=54 A=134) (+1.92%); Xenon-136 (Z=54 A=136) (+0.93%),POPULATED
2α·φ^2,0.0382094,7.846e+06,12,0,12,sub-unit (deep nuclear / exotic),,,Xenon-126 (Z=54 A=126),+0.210,,Tin-116 (Z=50 A=116) (+12.91%); Tin-117 (Z=50 A=117) (+11.69%); Tin-118 (Z=50 A=118) (+10.25%); Tin-119 (Z=50 A=119) (+9.12%); Tin-120 (Z=50 A=120) (+8.78%); Tin-122 (Z=50 A=122) (+7.04%); Tin-124 (Z=50 A=124) (+5.25%); Xenon-124 (Z=54 A=124) (+2.03%); Xenon-126 (Z=54 A=126) (+0.21%); Xenon-128 (Z=54 A=128) (+1.43%); Xenon-129 (Z=54 A=129) (+2.26%); Xenon-130 (Z=54 A=130) (+3.16%),DENSELY POPULATED (substrate harmonic)
1α·φ^4,0.0500168,5.994e+06,2,0,2,sub-unit (deep nuclear / exotic),,,Tin-112 (Z=50 A=112),+9.929,,Tin-112 (Z=50 A=112) (+9.93%); Tin-114 (Z=50 A=114) (+11.91%),POPULATED
3α·φ^2,0.0573142,5.231e+06,0,0,0,sub-unit (deep nuclear / exotic),,,,,,,EMPTY (substrate prediction)
2α·φ^3,0.0618242,4.849e+06,8,0,8,sub-unit (deep nuclear / exotic),,,Krypton-86 (Z=36 A=86),+0.676,,Selenium-80 (Z=34 A=80) (+10.31%); Selenium-82 (Z=34 A=82) (+7.63%); Krypton-78 (Z=36 A=78) (+12.26%); Krypton-80 (Z=36 A=80) (+8.39%); Krypton-82 (Z=36 A=82) (+4.91%); Krypton-83 (Z=36 A=83) (+3.67%); Krypton-84 (Z=36 A=84) (+1.99%); Krypton-86 (Z=36 A=86) (+0.68%),DENSELY POPULATED (substrate harmonic)
1α·φ^5,0.0809289,3.704e+06,11,0,11,sub-unit (deep nuclear / exotic),,,Zinc-70 (Z=30 A=70),+0.123,,Zinc-68 (Z=30 A=68) (+3.03%); Zinc-70 (Z=30 A=70) (+0.12%); Germanium-70 (Z=32 A=70) (+1.27%); Germanium-72 (Z=32 A=72) (+4.47%); Germanium-73 (Z=32 A=73) (+5.71%); Germanium-74 (Z=32 A=74) (+7.54%); Germanium-76 (Z=32 A=76) (+9.56%); Selenium-74 (Z=34 A=74) (+7.30%); Selenium-76 (Z=34 A=76) (+10.60%); Selenium-77 (Z=34 A=77) (+11.65%); Selenium-78 (Z=34 A=78) (+13.22%),DENSELY POPULATED (substrate harmonic)
3α·φ^3,0.0927362,3.233e+06,6,0,6,sub-unit (deep nuclear / exotic),,,Copper-63 (Z=29 A=63),+1.105,,Nickel-62 (Z=28 A=62) (+1.77%); Nickel-64 (Z=28 A=64) (+1.68%); Copper-63 (Z=29 A=63) (+1.10%); Copper-65 (Z=29 A=65) (+5.04%); Zinc-64 (Z=30 A=64) (+3.14%); Zinc-66 (Z=30 A=66) (+6.80%),DENSELY POPULATED (substrate harmonic)
2α·φ^4,0.100034,2.997e+06,8,0,8,sub-unit (deep nuclear / exotic),,,Nickel-60 (Z=28 A=60),+1.774,,Chromium-54 (Z=24 A=54) (+12.88%); Iron-54 (Z=26 A=54) (+13.25%); Iron-56 (Z=26 A=56) (+7.21%); Iron-57 (Z=26 A=57) (+5.11%); Iron-58 (Z=26 A=58) (+2.47%); Nickel-58 (Z=28 A=58) (+3.16%); Nickel-60 (Z=28 A=60) (+1.77%); Nickel-61 (Z=28 A=61) (+3.26%),DENSELY POPULATED (substrate harmonic)
1α·φ^6,0.130946,2.289e+06,9,0,9,sub-unit (deep nuclear / exotic),,,Titanium-48 (Z=22 A=48),+0.230,,Calcium-48 (Z=20 A=48) (+4.18%); Titanium-46 (Z=22 A=46) (+4.92%); Titanium-47 (Z=22 A=47) (+2.46%); Titanium-48 (Z=22 A=48) (+0.23%); Titanium-49 (Z=22 A=49) (+2.31%); Titanium-50 (Z=22 A=50) (+5.21%); Chromium-50 (Z=24 A=50) (+5.33%); Chromium-52 (Z=24 A=52) (+9.89%); Chromium-53 (Z=24 A=53) (+11.65%),DENSELY POPULATED (substrate harmonic)
3α·φ^4,0.15005,1.998e+06,4,0,4,sub-unit (deep nuclear / exotic),,,Calcium-44 (Z=20 A=44),+1.840,,Calcium-42 (Z=20 A=42) (+3.58%); Calcium-43 (Z=20 A=43) (+2.04%); Calcium-44 (Z=20 A=44) (+1.84%); Calcium-46 (Z=20 A=46) (+5.96%),POPULATED
2α·φ^5,0.161858,1.852e+06,8,0,8,sub-unit (deep nuclear / exotic),,,Potassium-41 (Z=19 A=41),+0.467,,Chlorine-37 (Z=17 A=37) (+13.19%); Argon-36 (Z=18 A=36) (+15.97%); Argon-38 (Z=18 A=38) (+9.44%); Argon-40 (Z=18 A=40) (+3.46%); Potassium-39 (Z=19 A=39) (+6.35%); Potassium-40 (Z=19 A=40) (+3.35%); Potassium-41 (Z=19 A=41) (+0.47%); Calcium-40 (Z=20 A=40) (+2.49%),DENSELY POPULATED (substrate harmonic)
φ^-3,0.236068,1.27e+06,6,0,6,sub-unit (deep nuclear / exotic),,,Phosphorus-31 (Z=15 A=31),+0.301,,Phosphorus-31 (Z=15 A=31) (+0.30%); Sulfur-32 (Z=16 A=32) (+5.69%); Sulfur-33 (Z=16 A=33) (+8.05%); Sulfur-34 (Z=16 A=34) (+12.83%); Sulfur-36 (Z=16 A=36) (+17.95%); Chlorine-35 (Z=17 A=35) (+16.70%),DENSELY POPULATED (substrate harmonic)
3α·φ^5,0.242787,1.235e+06,2,0,2,sub-unit (deep nuclear / exotic),,,Hydrogen-1 (Z=1 A=1),+1.374,,Hydrogen-1 (Z=1 A=1) (+1.37%); Silicon-30 (Z=14 A=30) (+1.47%),POPULATED
2α·φ^6,0.261891,1.145e+06,4,0,4,sub-unit (deep nuclear / exotic),,,Silicon-29 (Z=14 A=29),+0.926,,Magnesium-26 (Z=12 A=26) (+14.61%); Aluminum-27 (Z=13 A=27) (+9.42%); Silicon-28 (Z=14 A=28) (+2.02%); Silicon-29 (Z=14 A=29) (+0.93%),POPULATED
1/φ²,0.381966,7.849e+05,4,0,4,sub-unit (deep nuclear / exotic),,,Neon-22 (Z=10 A=22),+3.309,,Neon-22 (Z=10 A=22) (+3.31%); Sodium-23 (Z=11 A=23) (+7.50%); Magnesium-24 (Z=12 A=24) (+14.76%); Magnesium-25 (Z=12 A=25) (+17.24%),POPULATED
3α·φ^6,0.392837,7.631e+05,3,0,3,sub-unit (deep nuclear / exotic),,,Neon-21 (Z=10 A=21),+1.415,,Fluorine-19 (Z=9 A=19) (+17.29%); Neon-20 (Z=10 A=20) (+4.45%); Neon-21 (Z=10 A=21) (+1.42%),POPULATED
1/φ,0.618034,4.851e+05,5,0,5,sub-unit (deep nuclear / exotic),,,Nitrogen-15 (Z=7 A=15),+6.287,,Nitrogen-14 (Z=7 A=14) (+19.25%); Nitrogen-15 (Z=7 A=15) (+6.29%); Oxygen-16 (Z=8 A=16) (+7.31%); Oxygen-17 (Z=8 A=17) (+10.02%); Oxygen-18 (Z=8 A=18) (+17.63%),POPULATED
1 (φ⁰),1,2.998e+05,3,0,3,low (light nuclei / exotic atoms),,,Boron-11 (Z=5 A=11),+7.669,,Boron-11 (Z=5 A=11) (+7.67%); Carbon-12 (Z=6 A=12) (+13.32%); Carbon-13 (Z=6 A=13) (+17.44%),POPULATED
π/2,1.5708,1.909e+05,2,0,2,low (light nuclei / exotic atoms),,,Beryllium-9 (Z=4 A=9),+14.262,,Beryllium-9 (Z=4 A=9) (+14.26%); Boron-10 (Z=5 A=10) (+20.09%),POPULATED
φ,1.61803,1.853e+05,0,0,0,low (light nuclei / exotic atoms),,,,,,,EMPTY (substrate prediction)
π/φ,1.94161,1.544e+05,0,0,0,low (light nuclei / exotic atoms),,,,,,,EMPTY (substrate prediction)
integer 2,2,1.499e+05,1,0,1,low (light nuclei / exotic atoms),,,Lithium-7 (Z=3 A=7),+2.868,,Lithium-7 (Z=3 A=7) (+2.87%),POPULATED
φ²,2.61803,1.145e+05,1,0,1,low (light nuclei / exotic atoms),,,Lithium-6 (Z=3 A=6),+9.008,,Lithium-6 (Z=3 A=6) (+9.01%),POPULATED
integer 3,3,9.993e+04,0,0,0,low (light nuclei / exotic atoms),,,,,,,EMPTY (substrate prediction)
π,3.14159,9.543e+04,0,0,0,low (light nuclei / exotic atoms),,,,,,,EMPTY (substrate prediction)
2π/φ,3.88322,7.72e+04,0,0,0,low (light nuclei / exotic atoms),,,,,,,EMPTY (substrate prediction)
integer 4,4,7.495e+04,0,0,0,low (light nuclei / exotic atoms),,,,,,,EMPTY (substrate prediction)
φ^3,4.23607,7.077e+04,1,0,1,low (light nuclei / exotic atoms),,,Helium-4 (Z=2 A=4),+1.744,,Helium-4 (Z=2 A=4) (+1.74%),POPULATED
integer 5,5,5.996e+04,0,0,0,low (light nuclei / exotic atoms),,,,,,,EMPTY (substrate prediction)
π·φ,5.0832,5.898e+04,0,0,0,low (light nuclei / exotic atoms),,,,,,,EMPTY (substrate prediction)
integer 6,6,4.997e+04,0,0,0,low (light nuclei / exotic atoms),,,,,,,EMPTY (substrate prediction)
2π,6.28319,4.771e+04,0,0,0,low (light nuclei / exotic atoms),,,,,,,EMPTY (substrate prediction)
φ^4,6.8541,4.374e+04,0,0,0,low (light nuclei / exotic atoms),,,,,,,EMPTY (substrate prediction)
integer 7,7,4.283e+04,0,0,0,low (light nuclei / exotic atoms),,,,,,,EMPTY (substrate prediction)
(1/α)/φ^6,7.63675,3.926e+04,0,0,0,low (light nuclei / exotic atoms),,,,,,,EMPTY (substrate prediction)
integer 8,8,3.747e+04,0,0,0,low (light nuclei / exotic atoms),,,,,,,EMPTY (substrate prediction)
π·φ²,8.2248,3.645e+04,0,0,0,low (light nuclei / exotic atoms),,,,,,,EMPTY (substrate prediction)
6π⁵·α/φ,8.28091,3.62e+04,0,0,0,low (light nuclei / exotic atoms),,,,,,,EMPTY (substrate prediction)
integer 9,9,3.331e+04,0,0,0,low (light nuclei / exotic atoms),,,,,,,EMPTY (substrate prediction)
π²,9.8696,3.038e+04,0,0,0,low (light nuclei / exotic atoms),,,,,,,EMPTY (substrate prediction)
integer 10,10,2.998e+04,0,0,0,mid (heavy nuclei / light exotic),,,,,,,EMPTY (substrate prediction)
integer 11,11,2.725e+04,0,0,0,mid (heavy nuclei / light exotic),,,,,,,EMPTY (substrate prediction)
φ^5,11.0902,2.703e+04,0,0,0,mid (heavy nuclei / light exotic),,,,,,,EMPTY (substrate prediction)
integer 12,12,2.498e+04,0,0,0,mid (heavy nuclei / light exotic),,,,,,,EMPTY (substrate prediction)
(1/α)/φ^5,12.3565,2.426e+04,0,0,0,mid (heavy nuclei / light exotic),,,,,,,EMPTY (substrate prediction)
4π,12.5664,2.386e+04,0,0,0,mid (heavy nuclei / light exotic),,,,,,,EMPTY (substrate prediction)
integer 13,13,2.306e+04,1,0,1,mid (heavy nuclei / light exotic),,,Helium-3 (Z=2 A=3),+0.029,,Helium-3 (Z=2 A=3) (+0.03%),POPULATED
6π⁵·α,13.3988,2.237e+04,0,0,0,mid (heavy nuclei / light exotic),,,,,,,EMPTY (substrate prediction)
integer 14,14,2.141e+04,0,0,0,mid (heavy nuclei / light exotic),,,,,,,EMPTY (substrate prediction)
integer 15,15,1.999e+04,0,0,0,mid (heavy nuclei / light exotic),,,,,,,EMPTY (substrate prediction)
(2/α)/φ^6,15.2735,1.963e+04,0,0,0,mid (heavy nuclei / light exotic),,,,,,,EMPTY (substrate prediction)
integer 16,16,1.874e+04,0,0,0,mid (heavy nuclei / light exotic),,,,,,,EMPTY (substrate prediction)
integer 17,17,1.763e+04,0,0,0,mid (heavy nuclei / light exotic),,,,,,,EMPTY (substrate prediction)
φ^6,17.9443,1.671e+04,0,0,0,mid (heavy nuclei / light exotic),,,,,,,EMPTY (substrate prediction)
integer 19,19,1.578e+04,0,0,0,mid (heavy nuclei / light exotic),,,,,,,EMPTY (substrate prediction)
(1/α)/φ^4,19.9933,1.499e+04,0,0,0,mid (heavy nuclei / light exotic),,,,,,,EMPTY (substrate prediction)
integer 21,21,1.428e+04,0,0,0,mid (heavy nuclei / light exotic),,,,,,,EMPTY (substrate prediction)
6π⁵·α·φ,21.6797,1.383e+04,0,0,0,mid (heavy nuclei / light exotic),,,,,,,EMPTY (substrate prediction)
integer 22,22,1.363e+04,0,0,0,mid (heavy nuclei / light exotic),,,,,,,EMPTY (substrate prediction)
(3/α)/φ^6,22.9103,1.309e+04,0,0,0,mid (heavy nuclei / light exotic),,,,,,,EMPTY (substrate prediction)
integer 24,24,1.249e+04,0,0,0,mid (heavy nuclei / light exotic),,,,,,,EMPTY (substrate prediction)
(2/α)/φ^5,24.7131,1.213e+04,0,0,0,mid (heavy nuclei / light exotic),,,,,,,EMPTY (substrate prediction)
integer 25,25,1.199e+04,0,0,0,mid (heavy nuclei / light exotic),,,,,,,EMPTY (substrate prediction)
integer 26,26,1.153e+04,0,0,0,mid (heavy nuclei / light exotic),,,,,,,EMPTY (substrate prediction)
integer 27,27,1.11e+04,0,0,0,mid (heavy nuclei / light exotic),,,,,,,EMPTY (substrate prediction)
integer 28,28,1.071e+04,0,0,0,mid (heavy nuclei / light exotic),,,,,,,EMPTY (substrate prediction)
φ^7,29.0344,1.033e+04,0,0,0,mid (heavy nuclei / light exotic),,,,,,,EMPTY (substrate prediction)
integer 30,30,9993,0,0,0,mid (heavy nuclei / light exotic),,,,,,,EMPTY (substrate prediction)
integer 31,31,9671,0,0,0,mid (heavy nuclei / light exotic),,,,,,,EMPTY (substrate prediction)
integer 32,32,9369,0,0,0,mid (heavy nuclei / light exotic),,,,,,,EMPTY (substrate prediction)
(1/α)/φ^3,32.3498,9267,0,0,0,mid (heavy nuclei / light exotic),,,,,,,EMPTY (substrate prediction)
integer 33,33,9085,0,0,0,mid (heavy nuclei / light exotic),,,,,,,EMPTY (substrate prediction)
integer 34,34,8817,0,0,0,mid (heavy nuclei / light exotic),,,,,,,EMPTY (substrate prediction)
integer 35,35,8565,0,0,0,mid (heavy nuclei / light exotic),,,,,,,EMPTY (substrate prediction)
integer 36,36,8328,0,0,0,mid (heavy nuclei / light exotic),,,,,,,EMPTY (substrate prediction)
(3/α)/φ^5,37.0696,8087,0,0,0,mid (heavy nuclei / light exotic),,,,,,,EMPTY (substrate prediction)
integer 38,38,7889,0,0,0,mid (heavy nuclei / light exotic),,,,,,,EMPTY (substrate prediction)
integer 39,39,7687,0,0,0,mid (heavy nuclei / light exotic),,,,,,,EMPTY (substrate prediction)
(2/α)/φ^4,39.9866,7497,0,0,0,mid (heavy nuclei / light exotic),,,,,,,EMPTY (substrate prediction)
integer 41,41,7312,1,0,1,mid (heavy nuclei / light exotic),,,Deuterium (Z=1 A=2),+0.998,,Deuterium (Z=1 A=2) (+1.00%),POPULATED
integer 42,42,7138,0,0,0,mid (heavy nuclei / light exotic),,,,,,,EMPTY (substrate prediction)
integer 43,43,6972,0,0,0,mid (heavy nuclei / light exotic),,,,,,,EMPTY (substrate prediction)
integer 44,44,6813,0,0,0,mid (heavy nuclei / light exotic),,,,,,,EMPTY (substrate prediction)
integer 45,45,6662,0,0,0,mid (heavy nuclei / light exotic),,,,,,,EMPTY (substrate prediction)
integer 46,46,6517,0,0,0,mid (heavy nuclei / light exotic),,,,,,,EMPTY (substrate prediction)
φ^8,46.9787,6381,0,0,0,mid (heavy nuclei / light exotic),,,,,,,EMPTY (substrate prediction)
integer 48,48,6246,0,0,0,mid (heavy nuclei / light exotic),,,,,,,EMPTY (substrate prediction)
integer 49,49,6118,0,0,0,mid (heavy nuclei / light exotic),,,,,,,EMPTY (substrate prediction)
(1/α)/φ^2,52.3431,5727,0,0,0,mid (heavy nuclei / light exotic),,,,,,,EMPTY (substrate prediction)
(3/α)/φ^4,59.9798,4998,0,0,0,mid (heavy nuclei / light exotic),,,,,,,EMPTY (substrate prediction)
(2/α)/φ^3,64.6996,4634,0,0,0,mid (heavy nuclei / light exotic),,,,,,,EMPTY (substrate prediction)
φ^9,76.0132,3944,0,0,0,mid (heavy nuclei / light exotic),,,,,,,EMPTY (substrate prediction)
(1/α)/φ,84.6929,3540,0,0,0,mid (heavy nuclei / light exotic),,,,,,,EMPTY (substrate prediction)
(3/α)/φ^3,97.0494,3089,0,0,0,mid (heavy nuclei / light exotic),,,,,,,EMPTY (substrate prediction)
(2/α)/φ^2,104.686,2864,0,0,0,atomic primary band,,,,,,,EMPTY (substrate prediction)
φ^10,122.992,2437,4,4,0,atomic primary band,Radon (Rn Z=86),+0.489,,,Argon (Ar Z=18) (+3.96%); Krypton (Kr Z=36) (+1.20%); Xenon (Xe Z=54) (+5.52%); Radon (Rn Z=86) (+0.49%),,POPULATED
1/α,137.036,2188,6,6,0,atomic primary band,Iodine (I Z=53),+0.879,,,Bromine (Br Z=35) (+1.57%); Iodine (I Z=53) (+0.88%); Mercury (Hg Z=80) (+4.52%); Astatine (At Z=85) (+3.04%); Copernicium (Cn Z=112) (+1.64%); Oganesson (Og Z=118) (+3.05%),,DENSELY POPULATED (substrate harmonic)
(3/α)/φ^2,157.029,1909,16,16,0,atomic primary band,Gold (Au Z=79),+0.156,,,Neon (Ne Z=10) (+0.47%); Chlorine (Cl Z=17) (+5.00%); Cadmium (Cd Z=48) (+2.97%); Tellurium (Te Z=52) (+1.07%); Tantalum (Ta Z=73) (+2.09%); Tungsten (W Z=74) (+1.36%); Osmium (Os Z=76) (+3.42%); Iridium (Ir Z=77) (+0.61%); Platinum (Pt Z=78) (+3.14%); Gold (Au Z=79) (+0.16%); Thorium (Th Z=90) (+3.28%); Uranium (U Z=92) (+3.51%); Roentgenium (Rg Z=111) (+2.03%); Flerovium (Fl Z=114) (+2.18%); Livermorium (Lv Z=116) (+0.27%); Tennessine (Ts Z=117) (+1.09%),,DENSELY POPULATED (substrate harmonic)
(2/α)/φ,169.386,1770,47,47,0,atomic primary band,Arsenic (As Z=33),+0.010,,,Phosphorus (P Z=15) (+3.82%); Sulfur (S Z=16) (+7.09%); Scandium (Sc Z=21) (+4.44%); Titanium (Ti Z=22) (+6.63%); Zinc (Zn Z=30) (+1.65%); Arsenic (As Z=33) (+0.01%); Selenium (Se Z=34) (+0.46%); Strontium (Sr Z=38) (+4.90%); Yttrium (Y Z=39) (+1.38%); Zirconium (Zr Z=40) (+0.35%); Niobium (Nb Z=41) (+5.10%); Molybdenum (Mo Z=42) (+6.66%); Palladium (Pd Z=46) (+0.53%); Silver (Ag Z=47) (+6.04%); Antimony (Sb Z=51) (+2.64%); Barium (Ba Z=56) (+3.97%); Lanthanum (La Z=57) (+0.91%); Cerium (Ce Z=58) (+3.10%); Praseodymium (Pr Z=59) (+4.85%); Neodymium (Nd Z=60) (+4.90%); Promethium (Pm Z=61) (+4.87%); Samarium (Sm Z=62) (+4.25%); Europium (Eu Z=63) (+3.76%); Gadolinium (Gd Z=64) (+3.35%); Terbium (Tb Z=65) (+2.41%); Dysprosium (Dy Z=66) (+2.17%); Holmium (Ho Z=67) (+0.76%); Erbium (Er Z=68) (+0.92%); Thulium (Tm Z=69) (+0.86%); Ytterbium (Yb Z=70) (+0.39%); Hafnium (Hf Z=72) (+2.46%); Rhenium (Re Z=75) (+1.51%); Lead (Pb Z=82) (+7.58%); Bismuth (Bi Z=83) (+8.04%); Polonium (Po Z=84) (+1.10%); Radium (Ra Z=88) (+0.13%); Actinium (Ac Z=89) (+4.80%); Protactinium (Pa Z=91) (+1.11%); Neptunium (Np Z=93) (+2.14%); Plutonium (Pu Z=94) (+3.38%); Fermium (Fm Z=100) (+7.32%); Mendelevium (Md Z=101) (+2.34%); Nobelium (No Z=102) (+0.47%); Seaborgium (Sg Z=106) (+4.44%); Bohrium (Bh Z=107) (+7.30%); Meitnerium (Mt Z=109) (+3.80%); Darmstadtium (Ds Z=110) (+2.14%),,DENSELY POPULATED (substrate harmonic)
φ^11,199.005,1506,23,23,0,atomic primary band,Nihonium (Nh Z=113),+0.124,,,Nitrogen (N Z=7) (+3.91%); Fluorine (F Z=9) (+0.15%); Magnesium (Mg Z=12) (+8.03%); Calcium (Ca Z=20) (+7.84%); Vanadium (V Z=23) (+3.93%); Manganese (Mn Z=25) (+4.04%); Iron (Fe Z=26) (+4.94%); Cobalt (Co Z=27) (+0.14%); Copper (Cu Z=29) (+2.78%); Technetium (Tc Z=43) (+7.34%); Ruthenium (Ru Z=44) (+7.73%); Rhodium (Rh Z=45) (+6.38%); Tin (Sn Z=50) (+2.86%); Lutetium (Lu Z=71) (+2.27%); Francium (Fr Z=87) (+6.36%); Americium (Am Z=95) (+7.79%); Curium (Cm Z=96) (+2.07%); Berkelium (Bk Z=97) (+4.77%); Californium (Cf Z=98) (+6.04%); Einsteinium (Es Z=99) (+5.62%); Dubnium (Db Z=105) (+2.13%); Hassium (Hs Z=108) (+2.63%); Nihonium (Nh Z=113) (+0.12%),,DENSELY POPULATED (substrate harmonic)
π/(2α),215.256,1393,8,8,0,atomic primary band,Rubidium (Rb Z=37),+0.245,,,Silicon (Si Z=14) (+1.31%); Chromium (Cr Z=24) (+2.53%); Nickel (Ni Z=28) (+3.23%); Germanium (Ge Z=32) (+3.29%); Rubidium (Rb Z=37) (+0.25%); Cesium (Cs Z=55) (+3.52%); Rutherfordium (Rf Z=104) (+3.01%); Moscovium (Mc Z=115) (+2.44%),,DENSELY POPULATED (substrate harmonic)
(1/α)·φ,221.729,1352,6,6,0,atomic primary band,Thallium (Tl Z=81),+0.481,,,Beryllium (Be Z=4) (+0.56%); Carbon (C Z=6) (+2.64%); Oxygen (O Z=8) (+0.98%); Sodium (Na Z=11) (+4.32%); Potassium (K Z=19) (+1.00%); Thallium (Tl Z=81) (+0.48%),,DENSELY POPULATED (substrate harmonic)
(3/α)/φ,254.079,1180,2,2,0,atomic primary band,Lawrencium (Lr Z=103),+2.746,,,Indium (In Z=49) (+5.48%); Lawrencium (Lr Z=103) (+2.75%),,POPULATED
2/α,274.072,1094,5,5,0,atomic primary band,Aluminum (Al Z=13),+0.594,,,Helium (He Z=2) (+4.58%); Lithium (Li Z=3) (+4.32%); Boron (B Z=5) (+3.29%); Aluminum (Al Z=13) (+0.59%); Gallium (Ga Z=31) (+1.63%),,POPULATED
φ^12,321.997,931,0,0,0,atomic primary band,,,,,,,EMPTY (substrate prediction)
(1/α)·φ^2,358.765,835.6,0,0,0,atomic primary band,,,,,,,EMPTY (substrate prediction)
3/α,411.108,729.2,0,0,0,atomic primary band,,,,,,,EMPTY (substrate prediction)
π/α,430.511,696.4,0,0,0,atomic primary band,,,,,,,EMPTY (substrate prediction)
(2/α)·φ,443.458,676,1,1,0,atomic primary band,Hydrogen (H Z=1),+5.556,,,Hydrogen (H Z=1) (+5.56%),,POPULATED
φ^13,521.002,575.4,0,0,0,atomic primary band,,,,,,,EMPTY (substrate prediction)
4/α,548.144,546.9,0,0,0,atomic primary band,,,,,,,EMPTY (substrate prediction)
(2/α)·φ^2,717.53,417.8,0,0,0,atomic primary band,,,,,,,EMPTY (substrate prediction)
φ^14,842.999,355.6,0,0,0,atomic primary band,,,,,,,EMPTY (substrate prediction)
2π/α,861.023,348.2,0,0,0,atomic primary band,,,,,,,EMPTY (substrate prediction)
φ^15,1364,219.8,0,0,0,sub-atomic / cosmological,,,,,,,EMPTY (substrate prediction)
6π⁵,1836.12,163.3,0,0,0,sub-atomic / cosmological,,,,,,,EMPTY (substrate prediction)
β7 (φ^18),5778,51.89,0,0,0,sub-atomic / cosmological,,,,,,,EMPTY (substrate prediction)
β8 (φ^21),24476,12.25,0,0,0,sub-atomic / cosmological,,,,,,,EMPTY (substrate prediction)
