Object,Mode,Derived_Var,R_km,f_Hz,vx_kms,f_pred_Sphere_T1_Hz,f_pred_Slab_T1_Hz,f_pred_Torus_T1_Hz,R_rec_Sphere_T2_km,t_rec_Slab_T2_km,Rminor_Torus_T2_km,Vx_map_Sphere_T3_kms,Vx_map_Slab_T3_kms,Vx_map_Torus_T3_kms,Cl_T1_Sphere_%,Cl_T1_Slab_%,Cl_T1_Torus_%,Cl_T2_Sphere_%,Cl_T2_Slab_%,R_over_Rminor_T2_Torus_%,Cl_T3_Sphere_%,Cl_T3_Slab_%,Cl_T3_Torus_%,Matched_Topology,P3GG_Active,Ratio_f_sphere_over_f_obs,Ratio_factorized,Fault_Code,Note
Hydrogen-1 (Z=1 A=1),Detect:  f+vx->R,R_km,2.10309e-19,2.26873e+23,299792,2.26873e+23,7.12743e+23,2.26873e+23,2.10309e-19,6.60705e-19,2.10309e-19,299792,95426.9,299792,100,31.831,100,100,31.831,100,100,314.159,100,sphere,All P3GG voices active: b1=1.000 b2=4.236 b3=17.944 b4=76.013 b5=321.997,1,1 (err=0.00%),C1,Z=1 A=1 | Rc=0.8783fm | src=Angeli2013 | BE=938.272MeV
Deuterium (Z=1 A=2),Detect:  f+vx->R,R_km,8.87022e-17,5.37906e+20,299792,5.37906e+20,1.68988e+21,5.37906e+20,8.87022e-17,2.78666e-16,8.87022e-17,299792,95426.9,299792,100,31.831,100,100,31.831,100,100,314.159,100,sphere,All P3GG voices active: b1=1.000 b2=4.236 b3=17.944 b4=76.013 b5=321.997,1,1 (err=0.00%),C1,Z=1 A=2 | Rc=2.1421fm | src=Angeli2013 | BE=2.2246MeV
Helium-3 (Z=2 A=3),Detect:  f+vx->R,R_km,2.55668e-17,1.86623e+21,299792,1.86623e+21,5.86293e+21,1.86623e+21,2.55668e-17,8.03204e-17,2.55668e-17,299792,95426.9,299792,100,31.831,100,100,31.831,100,100,314.159,100,sphere,All P3GG voices active: b1=1.000 b2=4.236 b3=17.944 b4=76.013 b5=321.997,1,1 (err=0.00%),C1,Z=2 A=3 | Rc=1.9661fm | src=Angeli2013 | BE=7.7181MeV
Helium-4 (Z=2 A=4),Detect:  f+vx->R,R_km,6.97374e-18,6.84187e+21,299792,6.84187e+21,2.14944e+22,6.84187e+21,6.97374e-18,2.19087e-17,6.97374e-18,299792,95426.9,299792,100,31.831,100,100,31.831,100,100,314.159,100,sphere,All P3GG voices active: b1=1.000 b2=4.236 b3=17.944 b4=76.013 b5=321.997,1,1 (err=0.00%),C1,Z=2 A=4 | Rc=1.6755fm | src=Angeli2013 | BE=28.2957MeV
Lithium-6 (Z=3 A=6),Detect:  f+vx->R,R_km,6.16751e-18,7.73626e+21,299792,7.73626e+21,2.43042e+22,7.73626e+21,6.16751e-18,1.93758e-17,6.16751e-18,299792,95426.9,299792,100,31.831,100,100,31.831,100,100,314.159,100,sphere,All P3GG voices active: b1=1.000 b2=4.236 b3=17.944 b4=76.013 b5=321.997,1,1 (err=0.00%),C1,Z=3 A=6 | Rc=2.589fm | src=Angeli2013 | BE=31.9946MeV
Lithium-7 (Z=3 A=7),Detect:  f+vx->R,R_km,5.02819e-18,9.48918e+21,299792,9.48918e+21,2.98111e+22,9.48918e+21,5.02819e-18,1.57965e-17,5.02819e-18,299792,95426.9,299792,100,31.831,100,100,31.831,100,100,314.159,100,sphere,All P3GG voices active: b1=1.000 b2=4.236 b3=17.944 b4=76.013 b5=321.997,1,1 (err=0.00%),C1,Z=3 A=7 | Rc=2.444fm | src=Angeli2013 | BE=39.2441MeV
Beryllium-9 (Z=4 A=9),Detect:  f+vx->R,R_km,3.39253e-18,1.40643e+22,299792,1.40643e+22,4.41842e+22,1.40643e+22,3.39253e-18,1.0658e-17,3.39253e-18,299792,95426.9,299792,100,31.831,100,100,31.831,100,100,314.159,100,sphere,All P3GG voices active: b1=1.000 b2=4.236 b3=17.944 b4=76.013 b5=321.997,1,1 (err=0.00%),C1,Z=4 A=9 | Rc=2.519fm | src=Angeli2013 | BE=58.1651MeV
Boron-10 (Z=5 A=10),Detect:  f+vx->R,R_km,3.04748e-18,1.56567e+22,299792,1.56567e+22,4.91869e+22,1.56567e+22,3.04748e-18,9.57395e-18,3.04748e-18,299792,95426.9,299792,100,31.831,100,100,31.831,100,100,314.159,100,sphere,All P3GG voices active: b1=1.000 b2=4.236 b3=17.944 b4=76.013 b5=321.997,1,1 (err=0.00%),C1,Z=5 A=10 | Rc=2.4277fm | src=Angeli2013 | BE=64.7508MeV
Boron-11 (Z=5 A=11),Detect:  f+vx->R,R_km,2.58943e-18,1.84262e+22,299792,1.84262e+22,5.78877e+22,1.84262e+22,2.58943e-18,8.13493e-18,2.58943e-18,299792,95426.9,299792,100,31.831,100,100,31.831,100,100,314.159,100,sphere,All P3GG voices active: b1=1.000 b2=4.236 b3=17.944 b4=76.013 b5=321.997,1,1 (err=0.00%),C1,Z=5 A=11 | Rc=2.405fm | src=Angeli2013 | BE=76.2048MeV
Carbon-12 (Z=6 A=12),Detect:  f+vx->R,R_km,2.1411e-18,2.22846e+22,299792,2.22846e+22,7.00091e+22,2.22846e+22,2.1411e-18,6.72645e-18,2.1411e-18,299792,95426.9,299792,100,31.831,100,100,31.831,100,100,314.159,100,sphere,All P3GG voices active: b1=1.000 b2=4.236 b3=17.944 b4=76.013 b5=321.997,1,1 (err=0.00%),C1,Z=6 A=12 | Rc=2.4702fm | src=Angeli2013 | BE=92.1617MeV
Carbon-13 (Z=6 A=13),Detect:  f+vx->R,R_km,2.03203e-18,2.34807e+22,299792,2.34807e+22,7.37667e+22,2.34807e+22,2.03203e-18,6.38382e-18,2.03203e-18,299792,95426.9,299792,100,31.831,100,100,31.831,100,100,314.159,100,sphere,All P3GG voices active: b1=1.000 b2=4.236 b3=17.944 b4=76.013 b5=321.997,1,1 (err=0.00%),C1,Z=6 A=13 | Rc=2.4614fm | src=Angeli2013 | BE=97.1082MeV
Nitrogen-14 (Z=7 A=14),Detect:  f+vx->R,R_km,1.88543e-18,2.53064e+22,299792,2.53064e+22,7.95025e+22,2.53064e+22,1.88543e-18,5.92325e-18,1.88543e-18,299792,95426.9,299792,100,31.831,100,100,31.831,100,100,314.159,100,sphere,All P3GG voices active: b1=1.000 b2=4.236 b3=17.944 b4=76.013 b5=321.997,1,1 (err=0.00%),C1,Z=7 A=14 | Rc=2.5582fm | src=Angeli2013 | BE=104.659MeV
Nitrogen-15 (Z=7 A=15),Detect:  f+vx->R,R_km,1.70858e-18,2.79258e+22,299792,2.79258e+22,8.77316e+22,2.79258e+22,1.70858e-18,5.36765e-18,1.70858e-18,299792,95426.9,299792,100,31.831,100,100,31.831,100,100,314.159,100,sphere,All P3GG voices active: b1=1.000 b2=4.236 b3=17.944 b4=76.013 b5=321.997,1,1 (err=0.00%),C1,Z=7 A=15 | Rc=2.601fm | src=Angeli2013 | BE=115.492MeV
Oxygen-16 (Z=8 A=16),Detect:  f+vx->R,R_km,1.54622e-18,3.08581e+22,299792,3.08581e+22,9.69437e+22,3.08581e+22,1.54622e-18,4.85759e-18,1.54622e-18,299792,95426.9,299792,100,31.831,100,100,31.831,100,100,314.159,100,sphere,All P3GG voices active: b1=1.000 b2=4.236 b3=17.944 b4=76.013 b5=321.997,1,1 (err=0.00%),C1,Z=8 A=16 | Rc=2.6991fm | src=Angeli2013 | BE=127.619MeV
Oxygen-17 (Z=8 A=17),Detect:  f+vx->R,R_km,1.49759e-18,3.18602e+22,299792,3.18602e+22,1.00092e+23,3.18602e+22,1.49759e-18,4.70482e-18,1.49759e-18,299792,95426.9,299792,100,31.831,100,100,31.831,100,100,314.159,100,sphere,All P3GG voices active: b1=1.000 b2=4.236 b3=17.944 b4=76.013 b5=321.997,1,1 (err=0.00%),C1,Z=8 A=17 | Rc=2.6931fm | src=Angeli2013 | BE=131.763MeV
Oxygen-18 (Z=8 A=18),Detect:  f+vx->R,R_km,1.41141e-18,3.38054e+22,299792,3.38054e+22,1.06203e+23,3.38054e+22,1.41141e-18,4.43409e-18,1.41141e-18,299792,95426.9,299792,100,31.831,100,100,31.831,100,100,314.159,100,sphere,All P3GG voices active: b1=1.000 b2=4.236 b3=17.944 b4=76.013 b5=321.997,1,1 (err=0.00%),C1,Z=8 A=18 | Rc=2.7726fm | src=Angeli2013 | BE=139.808MeV
Fluorine-19 (Z=9 A=19),Detect:  f+vx->R,R_km,1.33509e-18,3.57381e+22,299792,3.57381e+22,1.12275e+23,3.57381e+22,1.33509e-18,4.19429e-18,1.33509e-18,299792,95426.9,299792,100,31.831,100,100,31.831,100,100,314.159,100,sphere,All P3GG voices active: b1=1.000 b2=4.236 b3=17.944 b4=76.013 b5=321.997,1,1 (err=0.00%),C1,Z=9 A=19 | Rc=2.8976fm | src=Angeli2013 | BE=147.801MeV
Neon-20 (Z=10 A=20),Detect:  f+vx->R,R_km,1.22834e-18,3.88438e+22,299792,3.88438e+22,1.22031e+23,3.88438e+22,1.22834e-18,3.85895e-18,1.22834e-18,299792,95426.9,299792,100,31.831,100,100,31.831,100,100,314.159,100,sphere,All P3GG voices active: b1=1.000 b2=4.236 b3=17.944 b4=76.013 b5=321.997,1,1 (err=0.00%),C1,Z=10 A=20 | Rc=2.9936fm | src=Angeli2013 | BE=160.645MeV
Neon-21 (Z=10 A=21),Detect:  f+vx->R,R_km,1.17873e-18,4.04786e+22,299792,4.04786e+22,1.27167e+23,4.04786e+22,1.17873e-18,3.7031e-18,1.17873e-18,299792,95426.9,299792,100,31.831,100,100,31.831,100,100,314.159,100,sphere,All P3GG voices active: b1=1.000 b2=4.236 b3=17.944 b4=76.013 b5=321.997,1,1 (err=0.00%),C1,Z=10 A=21 | Rc=2.9587fm | src=Angeli2013 | BE=167.406MeV
Neon-22 (Z=10 A=22),Detect:  f+vx->R,R_km,1.11001e-18,4.29846e+22,299792,4.29846e+22,1.3504e+23,4.29846e+22,1.11001e-18,3.48721e-18,1.11001e-18,299792,95426.9,299792,100,31.831,100,100,31.831,100,100,314.159,100,sphere,All P3GG voices active: b1=1.000 b2=4.236 b3=17.944 b4=76.013 b5=321.997,1,1 (err=0.00%),C1,Z=10 A=22 | Rc=3.0055fm | src=Angeli2013 | BE=177.77MeV
Sodium-23 (Z=11 A=23),Detect:  f+vx->R,R_km,1.05769e-18,4.5111e+22,299792,4.5111e+22,1.4172e+23,4.5111e+22,1.05769e-18,3.32283e-18,1.05769e-18,299792,95426.9,299792,100,31.831,100,100,31.831,100,100,314.159,100,sphere,All P3GG voices active: b1=1.000 b2=4.236 b3=17.944 b4=76.013 b5=321.997,1,1 (err=0.00%),C1,Z=11 A=23 | Rc=2.9936fm | src=Angeli2013 | BE=186.564MeV
Magnesium-24 (Z=12 A=24),Detect:  f+vx->R,R_km,9.95309e-19,4.79383e+22,299792,4.79383e+22,1.50603e+23,4.79383e+22,9.95309e-19,3.12686e-18,9.95309e-19,299792,95426.9,299792,100,31.831,100,100,31.831,100,100,314.159,100,sphere,All P3GG voices active: b1=1.000 b2=4.236 b3=17.944 b4=76.013 b5=321.997,1,1 (err=0.00%),C1,Z=12 A=24 | Rc=3.057fm | src=Angeli2013 | BE=198.257MeV
Magnesium-25 (Z=12 A=25),Detect:  f+vx->R,R_km,9.59818e-19,4.9711e+22,299792,4.9711e+22,1.56172e+23,4.9711e+22,9.59818e-19,3.01536e-18,9.59818e-19,299792,95426.9,299792,100,31.831,100,100,31.831,100,100,314.159,100,sphere,All P3GG voices active: b1=1.000 b2=4.236 b3=17.944 b4=76.013 b5=321.997,1,1 (err=0.00%),C1,Z=12 A=25 | Rc=3.0364fm | src=Angeli2013 | BE=205.588MeV
Magnesium-26 (Z=12 A=26),Detect:  f+vx->R,R_km,9.10671e-19,5.23937e+22,299792,5.23937e+22,1.646e+23,5.23937e+22,9.10671e-19,2.86096e-18,9.10671e-19,299792,95426.9,299792,100,31.831,100,100,31.831,100,100,314.159,100,sphere,All P3GG voices active: b1=1.000 b2=4.236 b3=17.944 b4=76.013 b5=321.997,1,1 (err=0.00%),C1,Z=12 A=26 | Rc=3.0341fm | src=Angeli2013 | BE=216.683MeV
Aluminum-27 (Z=13 A=27),Detect:  f+vx->R,R_km,8.77196e-19,5.43932e+22,299792,5.43932e+22,1.70881e+23,5.43932e+22,8.77196e-19,2.75579e-18,8.77196e-19,299792,95426.9,299792,100,31.831,100,100,31.831,100,100,314.159,100,sphere,All P3GG voices active: b1=1.000 b2=4.236 b3=17.944 b4=76.013 b5=321.997,1,1 (err=0.00%),C1,Z=13 A=27 | Rc=3.061fm | src=Angeli2013 | BE=224.952MeV
Silicon-28 (Z=14 A=28),Detect:  f+vx->R,R_km,8.34233e-19,5.71944e+22,299792,5.71944e+22,1.79681e+23,5.71944e+22,8.34233e-19,2.62082e-18,8.34233e-19,299792,95426.9,299792,100,31.831,100,100,31.831,100,100,314.159,100,sphere,All P3GG voices active: b1=1.000 b2=4.236 b3=17.944 b4=76.013 b5=321.997,1,1 (err=0.00%),C1,Z=14 A=28 | Rc=3.1224fm | src=Angeli2013 | BE=236.537MeV
Silicon-29 (Z=14 A=29),Detect:  f+vx->R,R_km,8.05383e-19,5.92432e+22,299792,5.92432e+22,1.86118e+23,5.92432e+22,8.05383e-19,2.53019e-18,8.05383e-19,299792,95426.9,299792,100,31.831,100,100,31.831,100,100,314.159,100,sphere,All P3GG voices active: b1=1.000 b2=4.236 b3=17.944 b4=76.013 b5=321.997,1,1 (err=0.00%),C1,Z=14 A=29 | Rc=3.104fm | src=Angeli2013 | BE=245.01MeV
Silicon-30 (Z=14 A=30),Detect:  f+vx->R,R_km,7.71951e-19,6.18089e+22,299792,6.18089e+22,1.94178e+23,6.18089e+22,7.71951e-19,2.42516e-18,7.71951e-19,299792,95426.9,299792,100,31.831,100,100,31.831,100,100,314.159,100,sphere,All P3GG voices active: b1=1.000 b2=4.236 b3=17.944 b4=76.013 b5=321.997,1,1 (err=0.00%),C1,Z=14 A=30 | Rc=3.1336fm | src=Angeli2013 | BE=255.621MeV
Phosphorus-31 (Z=15 A=31),Detect:  f+vx->R,R_km,7.5053e-19,6.3573e+22,299792,6.3573e+22,1.99721e+23,6.3573e+22,7.5053e-19,2.35786e-18,7.5053e-19,299792,95426.9,299792,100,31.831,100,100,31.831,100,100,314.159,100,sphere,All P3GG voices active: b1=1.000 b2=4.236 b3=17.944 b4=76.013 b5=321.997,1,1 (err=0.00%),C1,Z=15 A=31 | Rc=3.1889fm | src=Angeli2013 | BE=262.917MeV
Sulfur-32 (Z=16 A=32),Detect:  f+vx->R,R_km,7.26051e-19,6.57164e+22,299792,6.57164e+22,2.06454e+23,6.57164e+22,7.26051e-19,2.28096e-18,7.26051e-19,299792,95426.9,299792,100,31.831,100,100,31.831,100,100,314.159,100,sphere,All P3GG voices active: b1=1.000 b2=4.236 b3=17.944 b4=76.013 b5=321.997,1,1 (err=0.00%),C1,Z=16 A=32 | Rc=3.2611fm | src=Angeli2013 | BE=271.781MeV
Sulfur-33 (Z=16 A=33),Detect:  f+vx->R,R_km,7.03676e-19,6.7806e+22,299792,6.7806e+22,2.13019e+23,6.7806e+22,7.03676e-19,2.21066e-18,7.03676e-19,299792,95426.9,299792,100,31.831,100,100,31.831,100,100,314.159,100,sphere,All P3GG voices active: b1=1.000 b2=4.236 b3=17.944 b4=76.013 b5=321.997,1,1 (err=0.00%),C1,Z=16 A=33 | Rc=3.2418fm | src=Angeli2013 | BE=280.423MeV
Sulfur-34 (Z=16 A=34),Detect:  f+vx->R,R_km,6.7615e-19,7.05664e+22,299792,7.05664e+22,2.21691e+23,7.05664e+22,6.7615e-19,2.12419e-18,6.7615e-19,299792,95426.9,299792,100,31.831,100,100,31.831,100,100,314.159,100,sphere,All P3GG voices active: b1=1.000 b2=4.236 b3=17.944 b4=76.013 b5=321.997,1,1 (err=0.00%),C1,Z=16 A=34 | Rc=3.2858fm | src=Angeli2013 | BE=291.839MeV
Sulfur-36 (Z=16 A=36),Detect:  f+vx->R,R_km,6.3919e-19,7.46467e+22,299792,7.46467e+22,2.3451e+23,7.46467e+22,6.3919e-19,2.00808e-18,6.3919e-19,299792,95426.9,299792,100,31.831,100,100,31.831,100,100,314.159,100,sphere,All P3GG voices active: b1=1.000 b2=4.236 b3=17.944 b4=76.013 b5=321.997,1,1 (err=0.00%),C1,Z=16 A=36 | Rc=3.3fm | src=Angeli2013 | BE=308.714MeV
Chlorine-35 (Z=17 A=35),Detect:  f+vx->R,R_km,6.61705e-19,7.21069e+22,299792,7.21069e+22,2.2653e+23,7.21069e+22,6.61705e-19,2.07881e-18,6.61705e-19,299792,95426.9,299792,100,31.831,100,100,31.831,100,100,314.159,100,sphere,All P3GG voices active: b1=1.000 b2=4.236 b3=17.944 b4=76.013 b5=321.997,1,1 (err=0.00%),C1,Z=17 A=35 | Rc=3.3651fm | src=Angeli2013 | BE=298.21MeV
Chlorine-37 (Z=17 A=37),Detect:  f+vx->R,R_km,6.22276e-19,7.66756e+22,299792,7.66756e+22,2.40884e+23,7.66756e+22,6.22276e-19,1.95494e-18,6.22276e-19,299792,95426.9,299792,100,31.831,100,100,31.831,100,100,314.159,100,sphere,All P3GG voices active: b1=1.000 b2=4.236 b3=17.944 b4=76.013 b5=321.997,1,1 (err=0.00%),C1,Z=17 A=37 | Rc=3.3966fm | src=Angeli2013 | BE=317.105MeV
Argon-36 (Z=18 A=36),Detect:  f+vx->R,R_km,6.43354e-19,7.41636e+22,299792,7.41636e+22,2.32992e+23,7.41636e+22,6.43354e-19,2.02116e-18,6.43354e-19,299792,95426.9,299792,100,31.831,100,100,31.831,100,100,314.159,100,sphere,All P3GG voices active: b1=1.000 b2=4.236 b3=17.944 b4=76.013 b5=321.997,1,1 (err=0.00%),C1,Z=18 A=36 | Rc=3.4274fm | src=Angeli2013 | BE=306.716MeV
Argon-38 (Z=18 A=38),Detect:  f+vx->R,R_km,6.02814e-19,7.91512e+22,299792,7.91512e+22,2.48661e+23,7.91512e+22,6.02814e-19,1.8938e-18,6.02814e-19,299792,95426.9,299792,100,31.831,100,100,31.831,100,100,314.159,100,sphere,All P3GG voices active: b1=1.000 b2=4.236 b3=17.944 b4=76.013 b5=321.997,1,1 (err=0.00%),C1,Z=18 A=38 | Rc=3.403fm | src=Angeli2013 | BE=327.343MeV
Argon-40 (Z=18 A=40),Detect:  f+vx->R,R_km,5.73942e-19,8.31329e+22,299792,8.31329e+22,2.6117e+23,8.31329e+22,5.73942e-19,1.80309e-18,5.73942e-19,299792,95426.9,299792,100,31.831,100,100,31.831,100,100,314.159,100,sphere,All P3GG voices active: b1=1.000 b2=4.236 b3=17.944 b4=76.013 b5=321.997,1,1 (err=0.00%),C1,Z=18 A=40 | Rc=3.4274fm | src=Angeli2013 | BE=343.81MeV
Potassium-39 (Z=19 A=39),Detect:  f+vx->R,R_km,5.91288e-19,8.06941e+22,299792,8.06941e+22,2.53508e+23,8.06941e+22,5.91288e-19,1.85759e-18,5.91288e-19,299792,95426.9,299792,100,31.831,100,100,31.831,100,100,314.159,100,sphere,All P3GG voices active: b1=1.000 b2=4.236 b3=17.944 b4=76.013 b5=321.997,1,1 (err=0.00%),C1,Z=19 A=39 | Rc=3.4349fm | src=Angeli2013 | BE=333.724MeV
Potassium-40 (Z=19 A=40),Detect:  f+vx->R,R_km,5.77782e-19,8.25804e+22,299792,8.25804e+22,2.59434e+23,8.25804e+22,5.77782e-19,1.81516e-18,5.77782e-19,299792,95426.9,299792,100,31.831,100,100,31.831,100,100,314.159,100,sphere,All P3GG voices active: b1=1.000 b2=4.236 b3=17.944 b4=76.013 b5=321.997,1,1 (err=0.00%),C1,Z=19 A=40 | Rc=3.4539fm | src=Angeli2013 | BE=341.525MeV
Potassium-41 (Z=19 A=41),Detect:  f+vx->R,R_km,5.61197e-19,8.50209e+22,299792,8.50209e+22,2.67101e+23,8.50209e+22,5.61197e-19,1.76305e-18,5.61197e-19,299792,95426.9,299792,100,31.831,100,100,31.831,100,100,314.159,100,sphere,All P3GG voices active: b1=1.000 b2=4.236 b3=17.944 b4=76.013 b5=321.997,1,1 (err=0.00%),C1,Z=19 A=41 | Rc=3.4511fm | src=Angeli2013 | BE=351.618MeV
Calcium-40 (Z=20 A=40),Detect:  f+vx->R,R_km,5.76892e-19,8.27078e+22,299792,8.27078e+22,2.59834e+23,8.27078e+22,5.76892e-19,1.81236e-18,5.76892e-19,299792,95426.9,299792,100,31.831,100,100,31.831,100,100,314.159,100,sphere,All P3GG voices active: b1=1.000 b2=4.236 b3=17.944 b4=76.013 b5=321.997,1,1 (err=0.00%),C1,Z=20 A=40 | Rc=3.4776fm | src=Angeli2013 | BE=342.052MeV
Calcium-42 (Z=20 A=42),Detect:  f+vx->R,R_km,5.4526e-19,8.75058e+22,299792,8.75058e+22,2.74908e+23,8.75058e+22,5.4526e-19,1.71299e-18,5.4526e-19,299792,95426.9,299792,100,31.831,100,100,31.831,100,100,314.159,100,sphere,All P3GG voices active: b1=1.000 b2=4.236 b3=17.944 b4=76.013 b5=321.997,1,1 (err=0.00%),C1,Z=20 A=42 | Rc=3.5082fm | src=Angeli2013 | BE=361.895MeV
Calcium-43 (Z=20 A=43),Detect:  f+vx->R,R_km,5.33564e-19,8.9424e+22,299792,8.9424e+22,2.80934e+23,8.9424e+22,5.33564e-19,1.67624e-18,5.33564e-19,299792,95426.9,299792,100,31.831,100,100,31.831,100,100,314.159,100,sphere,All P3GG voices active: b1=1.000 b2=4.236 b3=17.944 b4=76.013 b5=321.997,1,1 (err=0.00%),C1,Z=20 A=43 | Rc=3.4849fm | src=Angeli2013 | BE=369.828MeV
Calcium-44 (Z=20 A=44),Detect:  f+vx->R,R_km,5.17973e-19,9.21157e+22,299792,9.21157e+22,2.8939e+23,9.21157e+22,5.17973e-19,1.62726e-18,5.17973e-19,299792,95426.9,299792,100,31.831,100,100,31.831,100,100,314.159,100,sphere,All P3GG voices active: b1=1.000 b2=4.236 b3=17.944 b4=76.013 b5=321.997,1,1 (err=0.00%),C1,Z=20 A=44 | Rc=3.5167fm | src=Angeli2013 | BE=380.96MeV
Calcium-46 (Z=20 A=46),Detect:  f+vx->R,R_km,4.94843e-19,9.64214e+22,299792,9.64214e+22,3.02917e+23,9.64214e+22,4.94843e-19,1.55459e-18,4.94843e-19,299792,95426.9,299792,100,31.831,100,100,31.831,100,100,314.159,100,sphere,All P3GG voices active: b1=1.000 b2=4.236 b3=17.944 b4=76.013 b5=321.997,1,1 (err=0.00%),C1,Z=20 A=46 | Rc=3.507fm | src=Angeli2013 | BE=398.767MeV
Calcium-48 (Z=20 A=48),Detect:  f+vx->R,R_km,4.74359e-19,1.00585e+23,299792,1.00585e+23,3.15998e+23,1.00585e+23,4.74359e-19,1.49024e-18,4.74359e-19,299792,95426.9,299792,100,31.831,100,100,31.831,100,100,314.159,100,sphere,All P3GG voices active: b1=1.000 b2=4.236 b3=17.944 b4=76.013 b5=321.997,1,1 (err=0.00%),C1,Z=20 A=48 | Rc=3.4771fm | src=Angeli2013 | BE=415.987MeV
Titanium-46 (Z=22 A=46),Detect:  f+vx->R,R_km,4.95561e-19,9.62817e+22,299792,9.62817e+22,3.02478e+23,9.62817e+22,4.95561e-19,1.55685e-18,4.95561e-19,299792,95426.9,299792,100,31.831,100,100,31.831,100,100,314.159,100,sphere,All P3GG voices active: b1=1.000 b2=4.236 b3=17.944 b4=76.013 b5=321.997,1,1 (err=0.00%),C1,Z=22 A=46 | Rc=3.607fm | src=Angeli2013 | BE=398.189MeV
Titanium-47 (Z=22 A=47),Detect:  f+vx->R,R_km,4.84745e-19,9.84301e+22,299792,9.84301e+22,3.09227e+23,9.84301e+22,4.84745e-19,1.52287e-18,4.84745e-19,299792,95426.9,299792,100,31.831,100,100,31.831,100,100,314.159,100,sphere,All P3GG voices active: b1=1.000 b2=4.236 b3=17.944 b4=76.013 b5=321.997,1,1 (err=0.00%),C1,Z=22 A=47 | Rc=3.613fm | src=Angeli2013 | BE=407.074MeV
Titanium-48 (Z=22 A=48),Detect:  f+vx->R,R_km,4.71285e-19,1.01241e+23,299792,1.01241e+23,3.18059e+23,1.01241e+23,4.71285e-19,1.48059e-18,4.71285e-19,299792,95426.9,299792,100,31.831,100,100,31.831,100,100,314.159,100,sphere,All P3GG voices active: b1=1.000 b2=4.236 b3=17.944 b4=76.013 b5=321.997,1,1 (err=0.00%),C1,Z=22 A=48 | Rc=3.6074fm | src=Angeli2013 | BE=418.7MeV
Titanium-49 (Z=22 A=49),Detect:  f+vx->R,R_km,4.62299e-19,1.03209e+23,299792,1.03209e+23,3.24241e+23,1.03209e+23,4.62299e-19,1.45236e-18,4.62299e-19,299792,95426.9,299792,100,31.831,100,100,31.831,100,100,314.159,100,sphere,All P3GG voices active: b1=1.000 b2=4.236 b3=17.944 b4=76.013 b5=321.997,1,1 (err=0.00%),C1,Z=22 A=49 | Rc=3.614fm | src=Angeli2013 | BE=426.838MeV
Titanium-50 (Z=22 A=50),Detect:  f+vx->R,R_km,4.50745e-19,1.05855e+23,299792,1.05855e+23,3.32552e+23,1.05855e+23,4.50745e-19,1.41606e-18,4.50745e-19,299792,95426.9,299792,100,31.831,100,100,31.831,100,100,314.159,100,sphere,All P3GG voices active: b1=1.000 b2=4.236 b3=17.944 b4=76.013 b5=321.997,1,1 (err=0.00%),C1,Z=22 A=50 | Rc=3.6316fm | src=Angeli2013 | BE=437.78MeV
Chromium-50 (Z=24 A=50),Detect:  f+vx->R,R_km,4.53579e-19,1.05193e+23,299792,1.05193e+23,3.30474e+23,1.05193e+23,4.53579e-19,1.42496e-18,4.53579e-19,299792,95426.9,299792,100,31.831,100,100,31.831,100,100,314.159,100,sphere,All P3GG voices active: b1=1.000 b2=4.236 b3=17.944 b4=76.013 b5=321.997,1,1 (err=0.00%),C1,Z=24 A=50 | Rc=3.6588fm | src=Angeli2013 | BE=435.044MeV
Chromium-52 (Z=24 A=52),Detect:  f+vx->R,R_km,4.32406e-19,1.10344e+23,299792,1.10344e+23,3.46657e+23,1.10344e+23,4.32406e-19,1.35844e-18,4.32406e-19,299792,95426.9,299792,100,31.831,100,100,31.831,100,100,314.159,100,sphere,All P3GG voices active: b1=1.000 b2=4.236 b3=17.944 b4=76.013 b5=321.997,1,1 (err=0.00%),C1,Z=24 A=52 | Rc=3.6645fm | src=Angeli2013 | BE=456.347MeV
Chromium-53 (Z=24 A=53),Detect:  f+vx->R,R_km,4.25013e-19,1.12264e+23,299792,1.12264e+23,3.52687e+23,1.12264e+23,4.25013e-19,1.33522e-18,4.25013e-19,299792,95426.9,299792,100,31.831,100,100,31.831,100,100,314.159,100,sphere,All P3GG voices active: b1=1.000 b2=4.236 b3=17.944 b4=76.013 b5=321.997,1,1 (err=0.00%),C1,Z=24 A=53 | Rc=3.6737fm | src=Angeli2013 | BE=464.285MeV
Chromium-54 (Z=24 A=54),Detect:  f+vx->R,R_km,4.16301e-19,1.14613e+23,299792,1.14613e+23,3.60067e+23,1.14613e+23,4.16301e-19,1.30785e-18,4.16301e-19,299792,95426.9,299792,100,31.831,100,100,31.831,100,100,314.159,100,sphere,All P3GG voices active: b1=1.000 b2=4.236 b3=17.944 b4=76.013 b5=321.997,1,1 (err=0.00%),C1,Z=24 A=54 | Rc=3.6869fm | src=Angeli2013 | BE=474.001MeV
Iron-54 (Z=26 A=54),Detect:  f+vx->R,R_km,4.18275e-19,1.14072e+23,299792,1.14072e+23,3.58368e+23,1.14072e+23,4.18275e-19,1.31405e-18,4.18275e-19,299792,95426.9,299792,100,31.831,100,100,31.831,100,100,314.159,100,sphere,All P3GG voices active: b1=1.000 b2=4.236 b3=17.944 b4=76.013 b5=321.997,1,1 (err=0.00%),C1,Z=26 A=54 | Rc=3.6922fm | src=Angeli2013 | BE=471.764MeV
Iron-56 (Z=26 A=56),Detect:  f+vx->R,R_km,4.00858e-19,1.19028e+23,299792,1.19028e+23,3.73939e+23,1.19028e+23,4.00858e-19,1.25933e-18,4.00858e-19,299792,95426.9,299792,100,31.831,100,100,31.831,100,100,314.159,100,sphere,All P3GG voices active: b1=1.000 b2=4.236 b3=17.944 b4=76.013 b5=321.997,1,1 (err=0.00%),C1,Z=26 A=56 | Rc=3.7377fm | src=Angeli2013 | BE=492.262MeV
Iron-57 (Z=26 A=57),Detect:  f+vx->R,R_km,3.94729e-19,1.20876e+23,299792,1.20876e+23,3.79745e+23,1.20876e+23,3.94729e-19,1.24008e-18,3.94729e-19,299792,95426.9,299792,100,31.831,100,100,31.831,100,100,314.159,100,sphere,All P3GG voices active: b1=1.000 b2=4.236 b3=17.944 b4=76.013 b5=321.997,1,1 (err=0.00%),C1,Z=26 A=57 | Rc=3.7543fm | src=Angeli2013 | BE=499.905MeV
Iron-58 (Z=26 A=58),Detect:  f+vx->R,R_km,3.86957e-19,1.23304e+23,299792,1.23304e+23,3.87372e+23,1.23304e+23,3.86957e-19,1.21566e-18,3.86957e-19,299792,95426.9,299792,100,31.831,100,100,31.831,100,100,314.159,100,sphere,All P3GG voices active: b1=1.000 b2=4.236 b3=17.944 b4=76.013 b5=321.997,1,1 (err=0.00%),C1,Z=26 A=58 | Rc=3.7749fm | src=Angeli2013 | BE=509.946MeV
Nickel-58 (Z=28 A=58),Detect:  f+vx->R,R_km,3.89622e-19,1.22461e+23,299792,1.22461e+23,3.84722e+23,1.22461e+23,3.89622e-19,1.22403e-18,3.89622e-19,299792,95426.9,299792,100,31.831,100,100,31.831,100,100,314.159,100,sphere,All P3GG voices active: b1=1.000 b2=4.236 b3=17.944 b4=76.013 b5=321.997,1,1 (err=0.00%),C1,Z=28 A=58 | Rc=3.7757fm | src=Angeli2013 | BE=506.457MeV
Nickel-60 (Z=28 A=60),Detect:  f+vx->R,R_km,3.74545e-19,1.27391e+23,299792,1.27391e+23,4.00209e+23,1.27391e+23,3.74545e-19,1.17667e-18,3.74545e-19,299792,95426.9,299792,100,31.831,100,100,31.831,100,100,314.159,100,sphere,All P3GG voices active: b1=1.000 b2=4.236 b3=17.944 b4=76.013 b5=321.997,1,1 (err=0.00%),C1,Z=28 A=60 | Rc=3.8118fm | src=Angeli2013 | BE=526.845MeV
Nickel-61 (Z=28 A=61),Detect:  f+vx->R,R_km,3.69073e-19,1.29279e+23,299792,1.29279e+23,4.06143e+23,1.29279e+23,3.69073e-19,1.15948e-18,3.69073e-19,299792,95426.9,299792,100,31.831,100,100,31.831,100,100,314.159,100,sphere,All P3GG voices active: b1=1.000 b2=4.236 b3=17.944 b4=76.013 b5=321.997,1,1 (err=0.00%),C1,Z=28 A=61 | Rc=3.814fm | src=Angeli2013 | BE=534.656MeV
Nickel-62 (Z=28 A=62),Detect:  f+vx->R,R_km,3.61895e-19,1.31843e+23,299792,1.31843e+23,4.14198e+23,1.31843e+23,3.61895e-19,1.13693e-18,3.61895e-19,299792,95426.9,299792,100,31.831,100,100,31.831,100,100,314.159,100,sphere,All P3GG voices active: b1=1.000 b2=4.236 b3=17.944 b4=76.013 b5=321.997,1,1 (err=0.00%),C1,Z=28 A=62 | Rc=3.8344fm | src=Angeli2013 | BE=545.26MeV
Nickel-64 (Z=28 A=64),Detect:  f+vx->R,R_km,3.51268e-19,1.35832e+23,299792,1.35832e+23,4.26729e+23,1.35832e+23,3.51268e-19,1.10354e-18,3.51268e-19,299792,95426.9,299792,100,31.831,100,100,31.831,100,100,314.159,100,sphere,All P3GG voices active: b1=1.000 b2=4.236 b3=17.944 b4=76.013 b5=321.997,1,1 (err=0.00%),C1,Z=28 A=64 | Rc=3.8525fm | src=Angeli2013 | BE=561.756MeV
Copper-63 (Z=29 A=63),Detect:  f+vx->R,R_km,3.57878e-19,1.33323e+23,299792,1.33323e+23,4.18847e+23,1.33323e+23,3.57878e-19,1.12431e-18,3.57878e-19,299792,95426.9,299792,100,31.831,100,100,31.831,100,100,314.159,100,sphere,All P3GG voices active: b1=1.000 b2=4.236 b3=17.944 b4=76.013 b5=321.997,1,1 (err=0.00%),C1,Z=29 A=63 | Rc=3.9022fm | src=Angeli2013 | BE=551.38MeV
Copper-65 (Z=29 A=65),Detect:  f+vx->R,R_km,3.46669e-19,1.37634e+23,299792,1.37634e+23,4.3239e+23,1.37634e+23,3.46669e-19,1.08909e-18,3.46669e-19,299792,95426.9,299792,100,31.831,100,100,31.831,100,100,314.159,100,sphere,All P3GG voices active: b1=1.000 b2=4.236 b3=17.944 b4=76.013 b5=321.997,1,1 (err=0.00%),C1,Z=29 A=65 | Rc=3.9367fm | src=Angeli2013 | BE=569.209MeV
Zinc-64 (Z=30 A=64),Detect:  f+vx->R,R_km,3.52937e-19,1.3519e+23,299792,1.3519e+23,4.24711e+23,1.3519e+23,3.52937e-19,1.10878e-18,3.52937e-19,299792,95426.9,299792,100,31.831,100,100,31.831,100,100,314.159,100,sphere,All P3GG voices active: b1=1.000 b2=4.236 b3=17.944 b4=76.013 b5=321.997,1,1 (err=0.00%),C1,Z=30 A=64 | Rc=3.929fm | src=Angeli2013 | BE=559.1MeV
Zinc-66 (Z=30 A=66),Detect:  f+vx->R,R_km,3.41321e-19,1.3979e+23,299792,1.3979e+23,4.39165e+23,1.3979e+23,3.41321e-19,1.07229e-18,3.41321e-19,299792,95426.9,299792,100,31.831,100,100,31.831,100,100,314.159,100,sphere,All P3GG voices active: b1=1.000 b2=4.236 b3=17.944 b4=76.013 b5=321.997,1,1 (err=0.00%),C1,Z=30 A=66 | Rc=3.949fm | src=Angeli2013 | BE=578.127MeV
Zinc-68 (Z=30 A=68),Detect:  f+vx->R,R_km,3.31428e-19,1.43963e+23,299792,1.43963e+23,4.52274e+23,1.43963e+23,3.31428e-19,1.04121e-18,3.31428e-19,299792,95426.9,299792,100,31.831,100,100,31.831,100,100,314.159,100,sphere,All P3GG voices active: b1=1.000 b2=4.236 b3=17.944 b4=76.013 b5=321.997,1,1 (err=0.00%),C1,Z=30 A=68 | Rc=3.975fm | src=Angeli2013 | BE=595.384MeV
Zinc-70 (Z=30 A=70),Detect:  f+vx->R,R_km,3.22912e-19,1.4776e+23,299792,1.4776e+23,4.64201e+23,1.4776e+23,3.22912e-19,1.01446e-18,3.22912e-19,299792,95426.9,299792,100,31.831,100,100,31.831,100,100,314.159,100,sphere,All P3GG voices active: b1=1.000 b2=4.236 b3=17.944 b4=76.013 b5=321.997,1,1 (err=0.00%),C1,Z=30 A=70 | Rc=3.995fm | src=Angeli2013 | BE=611.085MeV
Germanium-70 (Z=32 A=70),Detect:  f+vx->R,R_km,3.23212e-19,1.47623e+23,299792,1.47623e+23,4.63771e+23,1.47623e+23,3.23212e-19,1.0154e-18,3.23212e-19,299792,95426.9,299792,100,31.831,100,100,31.831,100,100,314.159,100,sphere,All P3GG voices active: b1=1.000 b2=4.236 b3=17.944 b4=76.013 b5=321.997,1,1 (err=0.00%),C1,Z=32 A=70 | Rc=4.045fm | src=Angeli2013 | BE=610.519MeV
Germanium-72 (Z=32 A=72),Detect:  f+vx->R,R_km,3.13717e-19,1.52091e+23,299792,1.52091e+23,4.77807e+23,1.52091e+23,3.13717e-19,9.85572e-19,3.13717e-19,299792,95426.9,299792,100,31.831,100,100,31.831,100,100,314.159,100,sphere,All P3GG voices active: b1=1.000 b2=4.236 b3=17.944 b4=76.013 b5=321.997,1,1 (err=0.00%),C1,Z=32 A=72 | Rc=4.058fm | src=Angeli2013 | BE=628.996MeV
Germanium-73 (Z=32 A=73),Detect:  f+vx->R,R_km,3.10041e-19,1.53894e+23,299792,1.53894e+23,4.83472e+23,1.53894e+23,3.10041e-19,9.74023e-19,3.10041e-19,299792,95426.9,299792,100,31.831,100,100,31.831,100,100,314.159,100,sphere,All P3GG voices active: b1=1.000 b2=4.236 b3=17.944 b4=76.013 b5=321.997,1,1 (err=0.00%),C1,Z=32 A=73 | Rc=4.0632fm | src=Angeli2013 | BE=636.454MeV
Germanium-74 (Z=32 A=74),Detect:  f+vx->R,R_km,3.04854e-19,1.56512e+23,299792,1.56512e+23,4.91698e+23,1.56512e+23,3.04854e-19,9.57728e-19,3.04854e-19,299792,95426.9,299792,100,31.831,100,100,31.831,100,100,314.159,100,sphere,All P3GG voices active: b1=1.000 b2=4.236 b3=17.944 b4=76.013 b5=321.997,1,1 (err=0.00%),C1,Z=32 A=74 | Rc=4.0742fm | src=Angeli2013 | BE=647.283MeV
Germanium-76 (Z=32 A=76),Detect:  f+vx->R,R_km,2.98698e-19,1.59738e+23,299792,1.59738e+23,5.01832e+23,1.59738e+23,2.98698e-19,9.38387e-19,2.98698e-19,299792,95426.9,299792,100,31.831,100,100,31.831,100,100,314.159,100,sphere,All P3GG voices active: b1=1.000 b2=4.236 b3=17.944 b4=76.013 b5=321.997,1,1 (err=0.00%),C1,Z=32 A=76 | Rc=4.0811fm | src=Angeli2013 | BE=660.624MeV
Selenium-74 (Z=34 A=74),Detect:  f+vx->R,R_km,3.05695e-19,1.56082e+23,299792,1.56082e+23,4.90346e+23,1.56082e+23,3.05695e-19,9.60369e-19,3.05695e-19,299792,95426.9,299792,100,31.831,100,100,31.831,100,100,314.159,100,sphere,All P3GG voices active: b1=1.000 b2=4.236 b3=17.944 b4=76.013 b5=321.997,1,1 (err=0.00%),C1,Z=34 A=74 | Rc=4.075fm | src=Angeli2013 | BE=645.503MeV
Selenium-76 (Z=34 A=76),Detect:  f+vx->R,R_km,2.9659e-19,1.60873e+23,299792,1.60873e+23,5.05398e+23,1.60873e+23,2.9659e-19,9.31766e-19,2.9659e-19,299792,95426.9,299792,100,31.831,100,100,31.831,100,100,314.159,100,sphere,All P3GG voices active: b1=1.000 b2=4.236 b3=17.944 b4=76.013 b5=321.997,1,1 (err=0.00%),C1,Z=34 A=76 | Rc=4.0993fm | src=Angeli2013 | BE=665.318MeV
Selenium-77 (Z=34 A=77),Detect:  f+vx->R,R_km,2.93216e-19,1.62724e+23,299792,1.62724e+23,5.11214e+23,1.62724e+23,2.93216e-19,9.21166e-19,2.93216e-19,299792,95426.9,299792,100,31.831,100,100,31.831,100,100,314.159,100,sphere,All P3GG voices active: b1=1.000 b2=4.236 b3=17.944 b4=76.013 b5=321.997,1,1 (err=0.00%),C1,Z=34 A=77 | Rc=4.1009fm | src=Angeli2013 | BE=672.974MeV
Selenium-78 (Z=34 A=78),Detect:  f+vx->R,R_km,2.88755e-19,1.65238e+23,299792,1.65238e+23,5.19112e+23,1.65238e+23,2.88755e-19,9.07151e-19,2.88755e-19,299792,95426.9,299792,100,31.831,100,100,31.831,100,100,314.159,100,sphere,All P3GG voices active: b1=1.000 b2=4.236 b3=17.944 b4=76.013 b5=321.997,1,1 (err=0.00%),C1,Z=34 A=78 | Rc=4.1115fm | src=Angeli2013 | BE=683.371MeV
Selenium-80 (Z=34 A=80),Detect:  f+vx->R,R_km,2.81531e-19,1.69479e+23,299792,1.69479e+23,5.32433e+23,1.69479e+23,2.81531e-19,8.84455e-19,2.81531e-19,299792,95426.9,299792,100,31.831,100,100,31.831,100,100,314.159,100,sphere,All P3GG voices active: b1=1.000 b2=4.236 b3=17.944 b4=76.013 b5=321.997,1,1 (err=0.00%),C1,Z=34 A=80 | Rc=4.1281fm | src=Angeli2013 | BE=700.907MeV
Selenium-82 (Z=34 A=82),Detect:  f+vx->R,R_km,2.75229e-19,1.73359e+23,299792,1.73359e+23,5.44624e+23,1.73359e+23,2.75229e-19,8.64657e-19,2.75229e-19,299792,95426.9,299792,100,31.831,100,100,31.831,100,100,314.159,100,sphere,All P3GG voices active: b1=1.000 b2=4.236 b3=17.944 b4=76.013 b5=321.997,1,1 (err=0.00%),C1,Z=34 A=82 | Rc=4.1361fm | src=Angeli2013 | BE=716.956MeV
Krypton-78 (Z=36 A=78),Detect:  f+vx->R,R_km,2.87613e-19,1.65894e+23,299792,1.65894e+23,5.21173e+23,1.65894e+23,2.87613e-19,9.03564e-19,2.87613e-19,299792,95426.9,299792,100,31.831,100,100,31.831,100,100,314.159,100,sphere,All P3GG voices active: b1=1.000 b2=4.236 b3=17.944 b4=76.013 b5=321.997,1,1 (err=0.00%),C1,Z=36 A=78 | Rc=4.144fm | src=Angeli2013 | BE=686.084MeV
Krypton-80 (Z=36 A=80),Detect:  f+vx->R,R_km,2.79898e-19,1.70467e+23,299792,1.70467e+23,5.35538e+23,1.70467e+23,2.79898e-19,8.79327e-19,2.79898e-19,299792,95426.9,299792,100,31.831,100,100,31.831,100,100,314.159,100,sphere,All P3GG voices active: b1=1.000 b2=4.236 b3=17.944 b4=76.013 b5=321.997,1,1 (err=0.00%),C1,Z=36 A=80 | Rc=4.1768fm | src=Angeli2013 | BE=704.995MeV
Krypton-82 (Z=36 A=82),Detect:  f+vx->R,R_km,2.72398e-19,1.75161e+23,299792,1.75161e+23,5.50283e+23,1.75161e+23,2.72398e-19,8.55765e-19,2.72398e-19,299792,95426.9,299792,100,31.831,100,100,31.831,100,100,314.159,100,sphere,All P3GG voices active: b1=1.000 b2=4.236 b3=17.944 b4=76.013 b5=321.997,1,1 (err=0.00%),C1,Z=36 A=82 | Rc=4.1999fm | src=Angeli2013 | BE=724.406MeV
Krypton-83 (Z=36 A=83),Detect:  f+vx->R,R_km,2.69479e-19,1.77058e+23,299792,1.77058e+23,5.56245e+23,1.77058e+23,2.69479e-19,8.46593e-19,2.69479e-19,299792,95426.9,299792,100,31.831,100,100,31.831,100,100,314.159,100,sphere,All P3GG voices active: b1=1.000 b2=4.236 b3=17.944 b4=76.013 b5=321.997,1,1 (err=0.00%),C1,Z=36 A=83 | Rc=4.2046fm | src=Angeli2013 | BE=732.254MeV
Krypton-84 (Z=36 A=84),Detect:  f+vx->R,R_km,2.65916e-19,1.79431e+23,299792,1.79431e+23,5.63698e+23,1.79431e+23,2.65916e-19,8.354e-19,2.65916e-19,299792,95426.9,299792,100,31.831,100,100,31.831,100,100,314.159,100,sphere,All P3GG voices active: b1=1.000 b2=4.236 b3=17.944 b4=76.013 b5=321.997,1,1 (err=0.00%),C1,Z=36 A=84 | Rc=4.2173fm | src=Angeli2013 | BE=742.065MeV
Krypton-86 (Z=36 A=86),Detect:  f+vx->R,R_km,2.60374e-19,1.8325e+23,299792,1.8325e+23,5.75696e+23,1.8325e+23,2.60374e-19,8.17989e-19,2.60374e-19,299792,95426.9,299792,100,31.831,100,100,31.831,100,100,314.159,100,sphere,All P3GG voices active: b1=1.000 b2=4.236 b3=17.944 b4=76.013 b5=321.997,1,1 (err=0.00%),C1,Z=36 A=86 | Rc=4.2402fm | src=Angeli2013 | BE=757.86MeV
Tin-112 (Z=50 A=112),Detect:  f+vx->R,R_km,2.06944e-19,2.30562e+23,299792,2.30562e+23,7.24333e+23,2.30562e+23,2.06944e-19,6.50133e-19,2.06944e-19,299792,95426.9,299792,100,31.831,100,100,31.831,100,100,314.159,100,sphere,All P3GG voices active: b1=1.000 b2=4.236 b3=17.944 b4=76.013 b5=321.997,1,1 (err=0.00%),C1,Z=50 A=112 | Rc=4.5936fm | src=Angeli2013 | BE=953.529MeV
Tin-114 (Z=50 A=114),Detect:  f+vx->R,R_km,2.03102e-19,2.34924e+23,299792,2.34924e+23,7.38034e+23,2.34924e+23,2.03102e-19,6.38064e-19,2.03102e-19,299792,95426.9,299792,100,31.831,100,100,31.831,100,100,314.159,100,sphere,All P3GG voices active: b1=1.000 b2=4.236 b3=17.944 b4=76.013 b5=321.997,1,1 (err=0.00%),C1,Z=50 A=114 | Rc=4.6099fm | src=Angeli2013 | BE=971.566MeV
Tin-116 (Z=50 A=116),Detect:  f+vx->R,R_km,1.99585e-19,2.39063e+23,299792,2.39063e+23,7.51038e+23,2.39063e+23,1.99585e-19,6.27016e-19,1.99585e-19,299792,95426.9,299792,100,31.831,100,100,31.831,100,100,314.159,100,sphere,All P3GG voices active: b1=1.000 b2=4.236 b3=17.944 b4=76.013 b5=321.997,1,1 (err=0.00%),C1,Z=50 A=116 | Rc=4.6262fm | src=Angeli2013 | BE=988.684MeV
Tin-117 (Z=50 A=117),Detect:  f+vx->R,R_km,1.97763e-19,2.41266e+23,299792,2.41266e+23,7.57959e+23,2.41266e+23,1.97763e-19,6.21291e-19,1.97763e-19,299792,95426.9,299792,100,31.831,100,100,31.831,100,100,314.159,100,sphere,All P3GG voices active: b1=1.000 b2=4.236 b3=17.944 b4=76.013 b5=321.997,1,1 (err=0.00%),C1,Z=50 A=117 | Rc=4.634fm | src=Angeli2013 | BE=997.795MeV
Tin-118 (Z=50 A=118),Detect:  f+vx->R,R_km,1.95537e-19,2.44012e+23,299792,2.44012e+23,7.66586e+23,2.44012e+23,1.95537e-19,6.14299e-19,1.95537e-19,299792,95426.9,299792,100,31.831,100,100,31.831,100,100,314.159,100,sphere,All P3GG voices active: b1=1.000 b2=4.236 b3=17.944 b4=76.013 b5=321.997,1,1 (err=0.00%),C1,Z=50 A=118 | Rc=4.6418fm | src=Angeli2013 | BE=1009.152MeV
Tin-119 (Z=50 A=119),Detect:  f+vx->R,R_km,1.93842e-19,2.46146e+23,299792,2.46146e+23,7.7329e+23,2.46146e+23,1.93842e-19,6.08973e-19,1.93842e-19,299792,95426.9,299792,100,31.831,100,100,31.831,100,100,314.159,100,sphere,All P3GG voices active: b1=1.000 b2=4.236 b3=17.944 b4=76.013 b5=321.997,1,1 (err=0.00%),C1,Z=50 A=119 | Rc=4.6492fm | src=Angeli2013 | BE=1017.977MeV
Tin-120 (Z=50 A=120),Detect:  f+vx->R,R_km,1.93354e-19,2.46767e+23,299792,2.46767e+23,7.75241e+23,2.46767e+23,1.93354e-19,6.07441e-19,1.93354e-19,299792,95426.9,299792,100,31.831,100,100,31.831,100,100,314.159,100,sphere,All P3GG voices active: b1=1.000 b2=4.236 b3=17.944 b4=76.013 b5=321.997,1,1 (err=0.00%),C1,Z=50 A=120 | Rc=4.6519fm | src=Angeli2013 | BE=1020.546MeV
Tin-122 (Z=50 A=122),Detect:  f+vx->R,R_km,1.90557e-19,2.5039e+23,299792,2.5039e+23,7.86623e+23,2.5039e+23,1.90557e-19,5.98652e-19,1.90557e-19,299792,95426.9,299792,100,31.831,100,100,31.831,100,100,314.159,100,sphere,All P3GG voices active: b1=1.000 b2=4.236 b3=17.944 b4=76.013 b5=321.997,1,1 (err=0.00%),C1,Z=50 A=122 | Rc=4.6592fm | src=Angeli2013 | BE=1035.529MeV
Tin-124 (Z=50 A=124),Detect:  f+vx->R,R_km,1.87937e-19,2.5388e+23,299792,2.5388e+23,7.97587e+23,2.5388e+23,1.87937e-19,5.90422e-19,1.87937e-19,299792,95426.9,299792,100,31.831,100,100,31.831,100,100,314.159,100,sphere,All P3GG voices active: b1=1.000 b2=4.236 b3=17.944 b4=76.013 b5=321.997,1,1 (err=0.00%),C1,Z=50 A=124 | Rc=4.6732fm | src=Angeli2013 | BE=1049.962MeV
Xenon-124 (Z=54 A=124),Detect:  f+vx->R,R_km,1.86027e-19,2.56487e+23,299792,2.56487e+23,8.05776e+23,2.56487e+23,1.86027e-19,5.84421e-19,1.86027e-19,299792,95426.9,299792,100,31.831,100,100,31.831,100,100,314.159,100,sphere,All P3GG voices active: b1=1.000 b2=4.236 b3=17.944 b4=76.013 b5=321.997,1,1 (err=0.00%),C1,Z=54 A=124 | Rc=4.7716fm | src=Angeli2013 | BE=1060.743MeV
Xenon-126 (Z=54 A=126),Detect:  f+vx->R,R_km,1.83235e-19,2.60395e+23,299792,2.60395e+23,8.18055e+23,2.60395e+23,1.83235e-19,5.7565e-19,1.83235e-19,299792,95426.9,299792,100,31.831,100,100,31.831,100,100,314.159,100,sphere,All P3GG voices active: b1=1.000 b2=4.236 b3=17.944 b4=76.013 b5=321.997,1,1 (err=0.00%),C1,Z=54 A=126 | Rc=4.7855fm | src=Angeli2013 | BE=1076.907MeV
Xenon-128 (Z=54 A=128),Detect:  f+vx->R,R_km,1.80644e-19,2.6413e+23,299792,2.6413e+23,8.29787e+23,2.6413e+23,1.80644e-19,5.6751e-19,1.80644e-19,299792,95426.9,299792,100,31.831,100,100,31.831,100,100,314.159,100,sphere,All P3GG voices active: b1=1.000 b2=4.236 b3=17.944 b4=76.013 b5=321.997,1,1 (err=0.00%),C1,Z=54 A=128 | Rc=4.7964fm | src=Angeli2013 | BE=1092.352MeV
Xenon-129 (Z=54 A=129),Detect:  f+vx->R,R_km,1.79317e-19,2.66084e+23,299792,2.66084e+23,8.35929e+23,2.66084e+23,1.79317e-19,5.63341e-19,1.79317e-19,299792,95426.9,299792,100,31.831,100,100,31.831,100,100,314.159,100,sphere,All P3GG voices active: b1=1.000 b2=4.236 b3=17.944 b4=76.013 b5=321.997,1,1 (err=0.00%),C1,Z=54 A=129 | Rc=4.8013fm | src=Angeli2013 | BE=1100.437MeV
Xenon-130 (Z=54 A=130),Detect:  f+vx->R,R_km,1.77695e-19,2.68513e+23,299792,2.68513e+23,8.43558e+23,2.68513e+23,1.77695e-19,5.58246e-19,1.77695e-19,299792,95426.9,299792,100,31.831,100,100,31.831,100,100,314.159,100,sphere,All P3GG voices active: b1=1.000 b2=4.236 b3=17.944 b4=76.013 b5=321.997,1,1 (err=0.00%),C1,Z=54 A=130 | Rc=4.8021fm | src=Angeli2013 | BE=1110.48MeV
Xenon-131 (Z=54 A=131),Detect:  f+vx->R,R_km,1.76459e-19,2.70394e+23,299792,2.70394e+23,8.49468e+23,2.70394e+23,1.76459e-19,5.54362e-19,1.76459e-19,299792,95426.9,299792,100,31.831,100,100,31.831,100,100,314.159,100,sphere,All P3GG voices active: b1=1.000 b2=4.236 b3=17.944 b4=76.013 b5=321.997,1,1 (err=0.00%),C1,Z=54 A=131 | Rc=4.8134fm | src=Angeli2013 | BE=1118.26MeV
Xenon-132 (Z=54 A=132),Detect:  f+vx->R,R_km,1.7567e-19,2.71608e+23,299792,2.71608e+23,8.53281e+23,2.71608e+23,1.7567e-19,5.51885e-19,1.7567e-19,299792,95426.9,299792,100,31.831,100,100,31.831,100,100,314.159,100,sphere,All P3GG voices active: b1=1.000 b2=4.236 b3=17.944 b4=76.013 b5=321.997,1,1 (err=0.00%),C1,Z=54 A=132 | Rc=4.8157fm | src=Angeli2013 | BE=1123.28MeV
Xenon-134 (Z=54 A=134),Detect:  f+vx->R,R_km,1.74102e-19,2.74055e+23,299792,2.74055e+23,8.60969e+23,2.74055e+23,1.74102e-19,5.46957e-19,1.74102e-19,299792,95426.9,299792,100,31.831,100,100,31.831,100,100,314.159,100,sphere,All P3GG voices active: b1=1.000 b2=4.236 b3=17.944 b4=76.013 b5=321.997,1,1 (err=0.00%),C1,Z=54 A=134 | Rc=4.8223fm | src=Angeli2013 | BE=1133.4MeV
Xenon-136 (Z=54 A=136),Detect:  f+vx->R,R_km,1.72806e-19,2.7611e+23,299792,2.7611e+23,8.67426e+23,2.7611e+23,1.72806e-19,5.42886e-19,1.72806e-19,299792,95426.9,299792,100,31.831,100,100,31.831,100,100,314.159,100,sphere,All P3GG voices active: b1=1.000 b2=4.236 b3=17.944 b4=76.013 b5=321.997,1,1 (err=0.00%),C1,Z=54 A=136 | Rc=4.8335fm | src=Angeli2013 | BE=1141.9MeV
Lead-204 (Z=82 A=204),Detect:  f+vx->R,R_km,1.22753e-19,3.88696e+23,299792,3.88696e+23,1.22112e+24,3.88696e+23,1.22753e-19,3.85639e-19,1.22753e-19,299792,95426.9,299792,100,31.831,100,100,31.831,100,100,314.159,100,sphere,All P3GG voices active: b1=1.000 b2=4.236 b3=17.944 b4=76.013 b5=321.997,1,1 (err=0.00%),C1,Z=82 A=204 | Rc=5.4744fm | src=Angeli2013 | BE=1607.518MeV
Lead-206 (Z=82 A=206),Detect:  f+vx->R,R_km,1.21632e-19,3.92277e+23,299792,3.92277e+23,1.23237e+24,3.92277e+23,1.21632e-19,3.82118e-19,1.21632e-19,299792,95426.9,299792,100,31.831,100,100,31.831,100,100,314.159,100,sphere,All P3GG voices active: b1=1.000 b2=4.236 b3=17.944 b4=76.013 b5=321.997,1,1 (err=0.00%),C1,Z=82 A=206 | Rc=5.4939fm | src=Angeli2013 | BE=1622.327MeV
Lead-207 (Z=82 A=207),Detect:  f+vx->R,R_km,1.21128e-19,3.9391e+23,299792,3.9391e+23,1.2375e+24,3.9391e+23,1.21128e-19,3.80535e-19,1.21128e-19,299792,95426.9,299792,100,31.831,100,100,31.831,100,100,314.159,100,sphere,All P3GG voices active: b1=1.000 b2=4.236 b3=17.944 b4=76.013 b5=321.997,1,1 (err=0.00%),C1,Z=82 A=207 | Rc=5.4943fm | src=Angeli2013 | BE=1629.079MeV
Lead-208 (Z=82 A=208),Detect:  f+vx->R,R_km,1.20583e-19,3.95691e+23,299792,3.95691e+23,1.2431e+24,3.95691e+23,1.20583e-19,3.78822e-19,1.20583e-19,299792,95426.9,299792,100,31.831,100,100,31.831,100,100,314.159,100,sphere,All P3GG voices active: b1=1.000 b2=4.236 b3=17.944 b4=76.013 b5=321.997,1,1 (err=0.00%),C1,Z=82 A=208 | Rc=5.5012fm | src=Angeli2013 | BE=1636.446MeV
Uranium-235 (Z=92 A=235),Detect:  f+vx->R,R_km,1.10617e-19,4.31338e+23,299792,4.31338e+23,1.35509e+24,4.31338e+23,1.10617e-19,3.47515e-19,1.10617e-19,299792,95426.9,299792,100,31.831,100,100,31.831,100,100,314.159,100,sphere,All P3GG voices active: b1=1.000 b2=4.236 b3=17.944 b4=76.013 b5=321.997,1,1 (err=0.00%),C1,Z=92 A=235 | Rc=5.8337fm | src=Angeli2013 | BE=1783.87MeV
Uranium-238 (Z=92 A=238),Detect:  f+vx->R,R_km,1.09523e-19,4.35648e+23,299792,4.35648e+23,1.36863e+24,4.35648e+23,1.09523e-19,3.44076e-19,1.09523e-19,299792,95426.9,299792,100,31.831,100,100,31.831,100,100,314.159,100,sphere,All P3GG voices active: b1=1.000 b2=4.236 b3=17.944 b4=76.013 b5=321.997,1,1 (err=0.00%),C1,Z=92 A=238 | Rc=5.8571fm | src=Angeli2013 | BE=1801.697MeV
