Object,Mode,Derived_Var,R_km,f_Hz,vx_kms,f_pred_Sphere_T1_Hz,f_pred_Slab_T1_Hz,f_pred_Torus_T1_Hz,R_rec_Sphere_T2_km,t_rec_Slab_T2_km,Rminor_Torus_T2_km,Vx_map_Sphere_T3_kms,Vx_map_Slab_T3_kms,Vx_map_Torus_T3_kms,Cl_T1_Sphere_%,Cl_T1_Slab_%,Cl_T1_Torus_%,Cl_T2_Sphere_%,Cl_T2_Slab_%,R_over_Rminor_T2_Torus_%,Cl_T3_Sphere_%,Cl_T3_Slab_%,Cl_T3_Torus_%,T1_Cl_Summary,P3GG_Active,Ratio_f_sphere_over_f_obs,Ratio_factorized,Fault_Code,Note
Earth PCF (R=6371 km vacuum-c),Predict: R+vx->f,f_Hz,6371,7.48916,299792,7.48916,23.5279,7.48916,6371,20015.1,6371,299792,95426.9,299792,100,31.831,100,100,31.831,100,100,314.159,100,Sph:100.00% | Slab:31.83% | Tor:100.00%,All P3GG voices active: b1=1.000 b2=4.236 b3=17.944 b4=76.013 b5=321.997,1,1 (err=0.00%),00,Predict mode: R + vx_VAC -> f_sphere; first-principles substrate closure
Earth surface cavity 7.83 Hz observed,Detect:  f+vx->R,R_km,6093.67,7.83,299792,7.83,24.5987,7.83,6093.67,19143.8,6093.67,299792,95426.9,299792,100,31.831,100,100,31.831,100,100,314.159,100,Sph:100.00% | Slab:31.83% | Tor:100.00%,All P3GG voices active: b1=1.000 b2=4.236 b3=17.944 b4=76.013 b5=321.997,1,1 (err=0.00%),00,Detect mode: consensus-observed f + vx_VAC -> R; deviation from Earth PCF is the forensic signal
Crab Pulsar R=10 km f=29.947 Hz,Map:     f+R->vx,vx_kms,10,29.947,1881.63,29.947,94.0813,29.947,10,31.4159,10,1881.63,598.94,1881.63,100,31.831,100,100,31.831,100,100,314.159,100,Sph:100.00% | Slab:31.83% | Tor:100.00%,All P3GG voices active: b1=1.000 b2=4.236 b3=17.944 b4=76.013 b5=321.997,159.326,1/alpha (err=16.27%),00,Map mode: R + f -> vx_local; reveals dressing
Sun photosphere boundary,Predict: R+vx->f,f_Hz,696340,0.0685203,299792,0.0685203,0.215263,0.0685203,696340,2.18762e+06,696340,299792,95426.9,299792,100,31.831,100,100,31.831,100,100,314.159,100,Sph:100.00% | Slab:31.83% | Tor:100.00%,All P3GG voices active: b1=1.000 b2=4.236 b3=17.944 b4=76.013 b5=321.997,1,1 (err=0.00%),00,Predict mode at vacuum-c reference
Bohr radius (H 1s),Predict: R+vx->f,f_Hz,5.29177e-14,9.01654e+17,299792,9.01654e+17,2.83263e+18,9.01654e+17,5.29177e-14,1.66246e-13,5.29177e-14,299792,95426.9,299792,100,31.831,100,100,31.831,100,100,314.159,100,Sph:100.00% | Slab:31.83% | Tor:100.00%,All P3GG voices active: b1=1.000 b2=4.236 b3=17.944 b4=76.013 b5=321.997,1,1 (err=0.00%),00,Predict mode in atomic units
Hydrogen Lyman-alpha transition,Detect:  f+vx->R,R_km,1.9348e-11,2.46607e+15,299792,2.46607e+15,7.74738e+15,2.46607e+15,1.9348e-11,6.07835e-11,1.9348e-11,299792,95426.9,299792,100,31.831,100,100,31.831,100,100,314.159,100,Sph:100.00% | Slab:31.83% | Tor:100.00%,All P3GG voices active: b1=1.000 b2=4.236 b3=17.944 b4=76.013 b5=321.997,1,1 (err=0.00%),C1,Detect mode at electronic transition energy
Proton charge radius (Compton-scale),Map:     f+R->vx,vx_kms,8.41e-19,2.27e+23,1.1995e+06,2.27e+23,7.13142e+23,2.27e+23,8.41e-19,2.64208e-18,8.41e-19,1.1995e+06,381814,1.1995e+06,100,31.831,100,100,31.831,100,100,314.159,100,Sph:100.00% | Slab:31.83% | Tor:100.00%,All P3GG voices active: b1=1.000 b2=4.236 b3=17.944 b4=76.013 b5=321.997,0.24993,unresolved nearest=1 (75.0%),00,Map mode: nucleon scale
Deuteron charge radius,Predict: R+vx->f,f_Hz,2.142e-18,2.22752e+22,299792,2.22752e+22,6.99796e+22,2.22752e+22,2.142e-18,6.72929e-18,2.142e-18,299792,95426.9,299792,100,31.831,100,100,31.831,100,100,314.159,100,Sph:100.00% | Slab:31.83% | Tor:100.00%,All P3GG voices active: b1=1.000 b2=4.236 b3=17.944 b4=76.013 b5=321.997,1,1 (err=0.00%),00,Predict mode for light nucleus
He-4 alpha particle charge radius,Predict: R+vx->f,f_Hz,1.6755e-18,2.84771e+22,299792,2.84771e+22,8.94636e+22,2.84771e+22,1.6755e-18,5.26374e-18,1.6755e-18,299792,95426.9,299792,100,31.831,100,100,31.831,100,100,314.159,100,Sph:100.00% | Slab:31.83% | Tor:100.00%,All P3GG voices active: b1=1.000 b2=4.236 b3=17.944 b4=76.013 b5=321.997,1,1 (err=0.00%),00,Predict mode for alpha particle
Earth-Moon barycenter distance,Predict: R+vx->f,f_Hz,384399,0.124125,299792,0.124125,0.38995,0.124125,384399,1.20763e+06,384399,299792,95426.9,299792,100,31.831,100,100,31.831,100,100,314.159,100,Sph:100.00% | Slab:31.83% | Tor:100.00%,All P3GG voices active: b1=1.000 b2=4.236 b3=17.944 b4=76.013 b5=321.997,1,1 (err=0.00%),00,Predict mode for orbital boundary
